Store Number,Delivery.Schedule
1,WeFr
2,MoWeFr
3,MoTh
4,TuFr
7,WeFr
9,MoFr
10,TuFr
11,WeFr
12,TuFr
13,TuFr
14,TuFr
15,TuFr
17,TuFr
18,MoTh
19,MoThFr
20,TuFr
21,TuFr
22,TuFr
23,TuFr
25,MoTh
26,TuFr
27,TuFr
28,TuFr
29,Fr
30,TuTh
31,Fr
32,WeFr
34,Mo
35,MoWeTh
37,MoThFr
38,Th
39,Th
40,TuFr
41,TuFr
42,TuFr
43,MoTh
44,We
46,Th
47,Mo
48,TuFr
49,Th
50,TuFr
51,Fr
52,TuFr
54,TuFr
56,Fr
59,TuFr
60,TuFr
61,TuFr
62,MoFr
63,TuFr
64,TuFr
65,TuFr
68,TuFr
69,TuThFr
70,MoTuFr
72,MoTh
73,TuFr
74,We
76,TuTh
77,MoTh
78,Th
79,TuFr
80,TuFr
81,ThFr
82,MoTu
83,Fr
85,MoFr
86,MoTh
88,Fr
89,TuFr
90,TuFr
91,MoFr
92,Fr
93,TuFr
94,Tu
95,WeFr
96,TuFr
97,MoTh
98,TuTh
99,TuFr
100,WeFr
101,MoTuWeFr
102,TuFr
103,MoTh
104,MoTh
106,MoTh
107,MoThFr
108,TuFr
109,Th
111,TuFr
112,Tu
113,MoTh
115,MoTh
116,TuFr
117,TuFr
120,MoTh
121,TuFr
122,We
123,MoTh
124,TuFr
125,TuWeFr
126,WeFr
129,MoTh
130,Fr
132,Th
134,TuFr
135,Th
136,Th
137,TuFr
138,Th
139,Th
140,TuFr
144,TuFr
145,TuFr
146,TuFr
147,MoFr
148,MoTh
149,TuFr
150,WeFr
151,Tu
152,TuTh
155,TuTh
156,We
158,TuFr
159,Fr
160,TuFr
161,MoTh
162,MoTh
163,TuFr
165,MoTh
166,Th
168,MoTh
170,Th
171,MoTh
172,TuFr
173,TuFr
174,Sa
175,MoTh
177,MoWeFr
178,MoTh
179,We
180,TuFr
182,TuFr
183,MoTh
184,MoTh
185,TuTh
186,TuFr
188,MoTuWeFr
189,TuTh
190,TuFr
192,TuFr
194,TuFr
195,MoTh
196,TuFr
197,TuFr
198,TuFr
199,TuFr
200,TuFr
201,TuFr
203,Fr
204,MoTh
205,TuFr
206,MoTh
207,Th
208,Fr
209,Fr
210,We
211,TuFr
212,MoTh
213,TuFr
214,MoTh
215,MoTh
217,MoTh
218,Th
219,TuFr
220,TuFr
221,TuFr
222,MoWe
225,MoTh
227,TuFr
228,TuFr
230,TuFr
231,TuTh
232,MoTh
233,MoTh
234,MoTh
236,MoTh
237,MoTh
238,TuFr
239,TuFr
240,MoTh
242,TuFr
243,TuThFr
244,We
246,TuFr
247,We
248,TuFr
249,TuFr
250,TuFr
251,TuFr
252,MoFr
253,Th
256,TuFr
257,MoTh
258,MoTh
259,Th
260,TuFr
261,Fr
262,MoTh
264,MoTh
265,TuTh
266,Tu
267,TuFr
268,TuFr
269,TuFr
271,TuFr
272,MoTh
275,MoWeFr
276,TuFr
277,MoTh
278,TuFr
280,Fr
282,TuFr
283,TuFr
284,TuFr
285,Fr
286,TuFr
287,WeFr
288,Tu
289,Mo
290,TuFr
292,Mo
293,TuFr
294,TuFr
295,Fr
297,TuFr
298,TuFr
299,MoTuThFr
300,TuFr
301,Fr
302,TuFr
303,TuFr
304,MoTh
305,TuFr
306,TuFr
307,TuFr
308,TuFr
309,Th
310,Th
311,Tu
312,MoFr
313,Tu
314,TuFr
315,MoTh
316,MoTh
318,TuFr
319,MoTh
320,MoTh
321,MoFr
322,TuFr
324,MoTh
325,TuFr
326,TuFr
327,We
328,TuTh
329,TuFr
330,TuFr
331,TuFr
332,TuFr
334,We
335,TuThFr
337,MoTh
338,TuFr
340,Tu
341,TuTh
342,We
343,Th
344,MoTh
345,TuFr
346,Th
347,Tu
350,WeFr
352,We
354,MoFr
355,MoTh
356,TuFr
357,TuFr
359,TuFr
360,TuFr
361,TuTh
362,Tu
363,MoWeTh
364,TuFr
365,Fr
366,TuFr
368,TuFr
369,WeTh
370,TuTh
371,TuFr
372,MoTh
373,TuFr
374,MoTh
375,Fr
376,TuTh
378,We
379,MoWe
381,TuFr
382,Th
383,TuFr
384,MoTh
385,Th
386,TuFr
387,TuFr
388,WeFr
389,TuFr
390,MoTh
391,MoTh
392,TuFr
393,TuFr
394,MoTh
395,TuFr
396,MoTh
397,TuFr
398,MoTh
399,Tu
400,TuFr
401,Mo
402,Th
403,TuTh
404,MoTh
405,MoFr
406,TuFr
407,TuFr
408,MoTh
409,Fr
410,MoTuThFr
412,TuFr
413,MoTh
414,MoTh
415,Fr
420,MoTuFr
421,TuFr
423,TuFr
424,MoFr
425,WeFr
426,TuFr
427,MoTh
428,TuFr
429,MoTh
431,MoTuThFr
432,MoTh
433,TuFr
434,Th
435,TuFr
436,TuFr
437,TuFr
438,Th
440,MoTh
442,TuFr
443,TuFr
444,MoTh
446,Tu
447,TuTh
448,TuFr
449,TuFr
450,TuFr
451,TuFr
452,TuFr
453,Th
456,TuFr
457,MoTh
458,MoTh
459,Tu
460,Fr
461,TuFr
462,MoTh
463,TuFr
464,TuTh
465,Fr
466,TuFr
467,MoTh
468,MoFr
469,TuFr
470,MoTh
471,MoTh
472,TuFr
473,TuFr
474,WeFr
475,TuFr
476,TuFr
477,MoTh
478,TuFr
479,TuFr
480,TuFr
481,TuFr
482,Fr
483,MoFr
484,Th
485,TuFr
486,TuTh
487,Th
488,Sa
489,TuFr
490,TuFr
491,MoTuFr
492,Fr
493,Fr
494,MoTh
495,MoFr
498,TuFr
499,TuFr
500,Sa
501,MoTh
502,WeFr
503,MoTh
504,MoWeFr
505,TuFr
506,TuFr
507,MoTh
508,TuFr
510,TuFr
511,TuTh
512,TuFrSa
513,MoTh
514,TuFr
515,Th
516,TuFr
517,TuFr
518,Tu
520,Tu
521,MoTh
522,TuFr
523,TuFr
524,MoTh
526,TuFr
527,TuSa
528,Sa
529,TuFr
530,MoFrSa
531,Fr
532,MoTh
533,TuTh
534,Fr
535,TuFr
536,MoTh
537,MoTh
538,WeFr
539,TuFr
540,WeFr
541,MoTh
542,TuTh
543,Fr
544,TuFr
545,MoWeFr
546,TuFr
547,Th
548,Th
549,MoTh
551,Sa
552,MoTh
553,TuFr
554,MoTh
555,MoFr
556,TuFr
557,TuFr
558,Mo
559,TuFr
560,Fr
561,Th
562,Mo
563,MoSa
564,TuFr
565,Fr
566,MoFr
567,TuFr
568,MoTh
571,TuFr
572,TuFr
573,TuFr
574,Fr
575,MoTh
576,TuFr
577,MoWe
578,MoTh
579,TuThSa
580,Fr
581,TuFr
582,MoTuThSa
583,Mo
585,MoTh
586,MoTh
587,TuFr
588,TuFr
589,MoTh
590,MoTh
591,Fr
592,Tu
593,TuFr
594,MoTh
595,TuFr
596,Tu
597,Fr
598,TuFr
599,Mo
600,WeFr
601,TuFr
602,TuFr
603,Sa
604,TuFr
605,TuFr
606,MoTh
607,Mo
608,TuFr
609,TuFr
610,TuFr
611,MoTh
612,TuFr
613,Sa
614,MoTh
615,TuTh
616,TuFr
617,Tu
618,TuFr
619,Tu
620,TuFr
621,TuTh
622,MoTh
623,Sa
624,Fr
625,MoTh
627,TuTh
629,MoWeFr
631,MoTh
633,TuFr
634,Fr
635,TuFr
636,Fr
637,WeFr
638,Tu
639,MoWeFr
640,MoTh
641,MoTh
642,Fr
643,Fr
644,TuFr
645,WeFr
646,TuFr
647,TuFr
648,Tu
649,Sa
650,MoTh
651,TuFr
652,MoTh
653,MoTh
655,TuFr
656,MoTh
657,TuFr
658,MoTh
659,MoTh
660,MoFr
661,TuFr
662,TuFr
663,TuFr
664,TuFr
666,TuThSa
667,MoTh
668,TuFr
669,TuTh
670,MoWeFr
671,MoTh
672,MoTh
673,TuFr
674,TuFr
675,MoTuThFr
676,Mo
677,TuFr
678,MoTh
680,Mo
681,Fr
682,MoTh
683,TuFr
684,TuFr
685,MoTh
686,TuTh
687,MoTh
688,TuFr
689,Fr
690,MoTh
691,WeFr
692,Fr
694,MoFr
695,Fr
696,TuFr
697,Sa
698,MoTh
699,WeFr
700,MoFr
701,TuFr
702,MoTh
703,MoTh
705,Sa
706,Mo
707,TuFr
708,MoFr
709,TuFr
710,TuFr
712,MoWeFr
713,TuFr
714,TuFr
715,TuThFr
716,TuFr
718,TuSa
719,TuFr
720,MoTh
721,Sa
722,MoFr
723,MoFr
724,Fr
725,FrSa
726,TuFr
727,Mo
728,TuFr
729,TuFr
730,MoTh
731,TuFr
733,Mo
734,TuFr
735,MoTh
736,MoTh
737,MoTh
738,TuFr
740,TuFr
741,TuFr
742,TuFr
743,MoTh
744,TuFr
745,MoTh
746,TuFr
747,Fr
748,MoTh
749,We
750,TuTh
751,MoFr
752,MoTh
753,TuTh
754,MoFr
755,TuFr
756,Fr
757,TuFr
758,MoFr
759,Sa
761,TuTh
762,MoTh
763,TuFr
764,WeFr
765,TuFr
766,MoFr
767,TuThFr
768,TuFr
769,TuThFrSa
770,TuFr
771,Fr
772,MoTh
773,TuFr
774,TuFr
775,Fr
776,TuFr
777,TuFr
778,Sa
779,Fr
780,MoTh
781,MoTh
782,TuFr
783,Fr
784,MoTh
785,TuFr
786,TuTh
787,MoFr
789,TuTh
790,TuFr
791,MoTh
792,Tu
793,Tu
794,TuFr
795,TuFr
796,Mo
797,MoTh
798,TuTh
799,TuFr
800,Sa
801,TuFr
802,MoFr
803,MoTh
804,TuTh
805,TuTh
806,TuTh
807,TuFr
808,TuFr
809,TuFr
810,TuTh
811,Sa
812,TuFr
813,TuTh
814,Sa
815,Th
816,TuFr
817,TuSa
818,MoWeFr
819,Fr
820,TuFr
821,Fr
822,TuFr
823,MoTh
824,TuFr
826,TuFr
828,MoFr
830,Th
834,Th
835,MoTh
836,TuFr
838,MoFr
839,MoTh
841,We
842,MoTh
843,MoFr
845,We
846,MoTh
847,Fr
848,TuFr
849,TuFr
850,MoTh
851,TuFr
852,MoFr
853,MoTh
854,MoTh
855,MoTh
856,MoTh
857,TuFr
858,TuFr
859,Sa
860,Sa
861,TuFr
862,TuFr
863,TuFr
864,Mo
865,TuFr
866,Fr
867,TuTh
868,TuFr
869,Th
870,MoFr
871,Mo
872,MoTh
873,MoTh
874,TuFr
875,TuFr
876,MoTh
877,Tu
878,TuFr
879,MoTh
880,WeFr
881,TuFr
882,Fr
883,TuFr
884,MoFr
885,TuFr
886,Fr
887,MoTh
888,Mo
889,Fr
890,TuFr
891,TuFr
892,WeFr
893,Fr
894,TuFr
895,Th
896,TuFr
897,TuFr
898,MoTh
899,TuFr
900,Th
901,TuFr
902,MoFr
903,Mo
904,TuWeFr
905,Mo
906,MoFr
907,MoTh
908,TuSa
909,TuFr
910,Fr
911,TuFr
912,TuFr
913,TuFr
914,TuFr
915,TuFr
916,MoFr
917,TuFr
918,TuFr
919,Fr
921,TuFr
922,MoFr
923,MoTh
924,We
925,MoFr
926,TuFr
927,TuFr
929,TuThSa
930,Tu
931,TuSa
932,MoTh
933,TuFr
934,TuTh
935,MoTh
936,TuFr
937,MoTh
938,TuFr
939,TuTh
940,MoTh
941,TuFr
942,WeFr
943,TuSa
944,WeFr
945,We
946,We
947,MoTh
948,TuFr
949,TuFr
950,MoTh
951,MoTh
953,Fr
954,MoTh
955,TuFr
956,TuFr
957,Tu
958,MoFr
959,Sa
960,Sa
961,TuFr
962,Fr
963,TuFr
964,Sa
965,TuFr
966,MoTh
967,Sa
968,Th
969,MoWeFr
970,MoFr
971,Th
972,TuFr
973,TuSa
974,Sa
975,MoWeFr
976,TuFr
977,TuFr
978,TuFr
979,Th
980,WeFr
981,TuFr
982,Fr
984,MoTh
985,MoTh
986,MoTh
987,Sa
988,Mo
989,Fr
990,MoFr
991,Fr
992,MoFr
993,TuFr
994,TuSa
995,Th
996,We
998,TuFr
999,TuFr
1000,Mo
1001,TuFr
1002,TuFr
1003,Fr
1004,TuFrSa
1005,TuTh
1006,MoFr
1007,TuFr
1008,Fr
1009,Th
1010,WeFr
1011,MoTh
1012,TuFr
1013,TuFr
1014,MoWe
1015,TuSa
1016,Fr
1017,TuTh
1018,Fr
1019,TuFr
1021,TuFr
1022,MoTh
1023,TuFr
1024,MoTh
1025,TuFr
1026,MoTh
1027,TuFr
1028,Sa
1029,MoSa
1030,TuFr
1032,TuThFr
1033,MoFr
1034,MoWeFr
1035,TuFr
1036,MoWeFr
1037,MoTh
1038,Tu
1039,Tu
1040,We
1041,TuFr
1042,MoTh
1043,MoTh
1044,TuFr
1045,Th
1046,TuFr
1047,MoFr
1050,We
1052,TuFr
1053,MoTh
1054,TuFr
1055,WeFr
1056,TuFr
1057,Th
1058,Fr
1059,TuFr
1060,TuFr
1061,MoFr
1062,WeSa
1063,We
1064,TuFr
1066,MoWe
1067,WeSa
1068,Sa
1069,TuFr
1070,Fr
1071,TuFr
1072,WeFr
1073,TuTh
1074,MoThFr
1075,TuFr
1076,TuFr
1077,Sa
1078,Tu
1079,TuFrSa
1080,TuFr
1081,WeFr
1082,WeSa
1083,Sa
1084,MoTh
1085,TuSa
1086,TuThSa
1087,TuSa
1088,MoFr
1089,MoTh
1090,Sa
1091,TuTh
1092,Fr
1093,TuTh
1094,MoTh
1095,Tu
1096,MoTh
1097,TuFr
1098,TuFr
1099,Tu
1100,Tu
1101,TuFr
1102,Tu
1103,Fr
1104,Sa
1105,TuFr
1106,TuFr
1107,TuFr
1109,TuFr
1110,TuFr
1111,Mo
1112,TuFr
1115,TuFr
1116,MoFr
1117,TuFr
1118,TuFr
1119,WeFr
1120,MoFr
1121,TuFr
1122,MoTh
1123,MoTh
1125,MoTh
1126,TuFr
1127,We
1128,TuFr
1129,TuTh
1130,MoFr
1131,Tu
1132,MoTh
1133,MoTh
1134,MoTh
1135,TuTh
1136,MoTh
1137,TuTh
1138,Th
1139,TuFr
1140,MoTh
1141,MoTh
1143,Tu
1144,MoTh
1146,TuFr
1147,TuFr
1148,MoTuTh
1149,MoFr
1150,MoTh
1151,MoFr
1152,TuFr
1153,Tu
1154,TuFr
1155,Fr
1156,MoTh
1157,MoFr
1158,MoTh
1159,TuFr
1160,Fr
1161,TuFr
1162,MoFr
1163,TuFr
1164,TuTh
1165,Fr
1166,TuFr
1167,TuFr
1168,TuFr
1169,TuFr
1170,Fr
1171,TuThSa
1172,Sa
1173,Sa
1174,Mo
1175,TuFr
1176,Tu
1177,TuFr
1178,Tu
1179,MoFr
1180,MoFr
1181,TuFr
1182,Sa
1183,TuFr
1184,MoTh
1185,TuFr
1186,TuFr
1187,TuFr
1188,Th
1191,MoTh
1192,MoTh
1193,TuFr
1194,Mo
1195,MoTh
1196,TuFr
1197,TuFr
1198,TuFr
1199,We
1200,Tu
1201,Fr
1202,TuThFr
1203,Mo
1204,TuFr
1205,TuThSa
1206,TuFr
1207,MoTuFr
1209,We
1210,TuFr
1211,We
1212,MoTh
1213,MoSa
1214,Mo
1215,Fr
1216,MoTh
1217,MoTuFr
1218,TuFr
1219,Sa
1220,TuFr
1221,Tu
1222,MoFr
1223,Sa
1224,TuFr
1225,Sa
1226,TuFr
1227,Th
1228,Mo
1229,WeFr
1230,TuFr
1231,Fr
1232,TuFr
1233,Mo
1235,TuFr
1236,TuFr
1237,WeFr
1238,TuFr
1239,MoTh
1240,TuFr
1241,TuFr
1242,TuTh
1243,MoTh
1244,TuFr
1245,TuThSa
1247,Tu
1248,TuFr
1249,MoTh
1252,We
1253,TuFr
1255,TuTh
1256,Mo
1261,TuTh
1262,Tu
1264,TuFr
1265,TuFr
1266,MoTh
1267,MoWe
1268,MoTh
1269,TuFr
1270,TuFr
1271,TuFr
1272,MoTh
1273,We
1274,MoTh
1275,Mo
1276,TuFr
1277,TuFr
1278,Th
1279,Fr
1280,Fr
1281,MoTh
1282,TuFr
1283,WeFr
1284,TuFr
1285,MoTh
1286,MoTh
1287,TuFr
1288,TuTh
1289,Fr
1290,MoTh
1291,Fr
1292,WeFr
1293,TuFr
1294,Th
1295,TuFr
1296,TuFr
1297,Sa
1298,TuFr
1299,MoFr
1300,TuFr
1301,WeFr
1302,TuFr
1303,Mo
1304,MoTh
1305,Tu
1306,TuFr
1307,MoFr
1308,TuWe
1309,TuFr
1310,MoTh
1311,MoTh
1312,TuFr
1313,TuFr
1314,MoTh
1316,TuFr
1317,MoTuWeFr
1318,TuFr
1319,Mo
1320,TuFr
1321,TuTh
1322,TuFr
1324,TuFr
1325,We
1326,WeFr
1327,Fr
1328,TuTh
1329,Fr
1330,MoTh
1331,MoTh
1332,TuFr
1333,MoTh
1335,TuFr
1336,MoTh
1337,MoTh
1338,Fr
1339,Fr
1340,TuFr
1341,MoFr
1342,TuTh
1344,MoTh
1345,TuFr
1346,MoWeFr
1347,WeFr
1348,TuFr
1349,We
1350,TuFr
1351,TuFr
1352,TuFr
1353,MoTh
1354,TuFr
1355,Fr
1356,MoFr
1357,TuTh
1358,Fr
1359,TuFr
1360,TuFr
1361,TuFr
1362,TuWeFr
1363,Tu
1364,TuFr
1366,WeFr
1367,Th
1369,TuFr
1370,Fr
1371,Fr
1372,TuFr
1373,Th
1374,TuFr
1375,TuFr
1376,MoTh
1377,Mo
1378,Fr
1379,TuFr
1381,WeSa
1382,Fr
1383,TuFr
1384,TuFr
1385,MoTh
1386,TuFr
1387,Sa
1388,TuFr
1389,TuFr
1390,TuSa
1391,MoThSa
1392,TuFr
1393,MoTh
1394,MoTh
1395,Th
1396,MoFr
1397,Fr
1398,Fr
1399,WeFr
1400,MoTh
1401,Fr
1403,TuFr
1404,Fr
1405,TuFr
1406,TuFr
1407,Th
1408,Sa
1409,MoTh
1410,TuFr
1411,TuFr
1412,TuFr
1413,Fr
1414,Tu
1415,TuFr
1416,MoTh
1417,MoFr
1418,TuTh
1419,TuFr
1420,MoTh
1421,Sa
1422,TuFr
1423,TuFr
1424,TuFr
1425,TuFr
1426,Fr
1427,Tu
1428,TuFr
1429,Fr
1430,MoFr
1431,MoTh
1432,MoTh
1433,TuFr
1434,Fr
1435,TuFr
1436,WeFr
1437,TuFr
1438,MoFr
1439,MoTh
1440,MoFr
1441,TuFr
1442,TuFr
1443,TuTh
1444,Sa
1445,Fr
1447,TuTh
1448,TuFr
1449,WeFr
1450,MoWe
1451,TuFr
1452,Tu
1453,TuFr
1454,TuThFr
1455,Fr
1457,Mo
1458,MoTh
1459,Th
1460,WeFr
1461,Tu
1462,TuFr
1463,TuFr
1464,MoTh
1465,MoFr
1466,TuFr
1468,TuFr
1469,MoTh
1470,TuFr
1471,TuFr
1472,Mo
1473,Fr
1474,TuFr
1475,TuFr
1476,TuFr
1477,TuFr
1479,TuTh
1480,TuFr
1481,WeFr
1482,Tu
1483,Mo
1486,TuFr
1487,TuFr
1488,TuFr
1489,MoTh
1490,We
1491,MoTh
1492,Th
1493,MoTh
1494,MoWe
1495,Tu
1496,TuTh
1497,We
1498,MoTh
1499,TuFr
1501,MoTh
1502,WeFr
1503,TuFr
1504,MoTh
1505,MoTuFr
1506,TuFr
1507,MoWe
1509,We
1510,MoFr
1511,Th
1512,MoTh
1513,Mo
1514,TuThFr
1515,TuFr
1516,We
1517,Sa
1518,Mo
1519,TuFr
1520,TuFr
1521,TuFr
1522,Mo
1523,MoTh
1524,TuFr
1525,TuFr
1526,MoTh
1527,Fr
1528,TuFr
1530,Fr
1531,TuFr
1532,Fr
1533,WeSa
1534,Mo
1535,MoTh
1536,Tu
1538,TuTh
1539,Mo
1540,TuFr
1541,TuSa
1542,TuFr
1543,MoWeFr
1544,TuFr
1545,TuFr
1546,TuFr
1547,Fr
1548,MoWeFr
1549,WeSa
1551,TuFr
1552,MoTh
1553,MoFr
1554,TuFr
1555,TuFr
1556,MoFr
1557,Fr
1558,TuFr
1559,TuFr
1560,Tu
1561,TuFr
1563,Fr
1564,TuFr
1565,We
1566,Fr
1567,We
1569,TuFr
1570,TuFr
1571,Mo
1572,MoFr
1573,TuFr
1574,TuFr
1575,MoTuFr
1576,We
1577,Fr
1578,MoTh
1579,MoTh
1580,Fr
1583,WeFr
1584,TuTh
1585,TuThFr
1586,TuFr
1587,Mo
1588,TuFr
1589,Sa
1590,WeFr
1592,TuFr
1593,MoFr
1594,MoTh
1595,MoTuFr
1597,MoTh
1598,MoTh
1599,TuFr
1600,Fr
1601,Fr
1602,TuTh
1603,TuFr
1604,WeFr
1605,Fr
1606,TuFr
1609,TuFr
1610,Th
1611,TuFr
1612,TuFr
1613,MoTh
1614,MoTh
1615,TuFr
1616,TuFr
1618,Fr
1619,TuFr
1620,MoTh
1621,TuFr
1622,TuFr
1624,TuFr
1625,TuFr
1626,TuFr
1627,Tu
1628,Th
1629,MoTh
1630,TuFr
1631,TuFr
1632,Fr
1633,Fr
1634,We
1635,MoWeTh
1636,MoFr
1637,TuFr
1638,TuFr
1639,MoTu
1641,Fr
1642,TuFr
1643,MoFr
1645,TuFr
1646,TuFr
1647,TuFr
1648,TuFr
1649,Tu
1650,MoTh
1651,Th
1652,Mo
1653,TuFr
1654,TuFr
1655,MoFr
1657,TuFr
1658,TuFr
1659,Fr
1660,TuFr
1661,TuTh
1662,TuFr
1663,TuWeFr
1664,TuTh
1665,Th
1666,TuFr
1667,We
1668,Fr
1669,TuFr
1671,TuFr
1673,TuFr
1675,Mo
1676,TuFr
1677,MoFr
1678,TuFr
1679,TuFr
1680,WeFr
1681,MoTh
1682,Fr
1683,We
1685,Tu
1686,TuFr
1687,MoWeFr
1688,Mo
1689,Th
1690,TuFr
1691,MoTh
1692,We
1693,WeFr
1694,Mo
1695,MoTh
1696,We
1698,MoTh
1699,MoWeFr
1700,WeFr
1702,Fr
1703,TuFr
1704,Tu
1708,MoTh
1709,TuFr
1710,MoTh
1712,TuFr
1713,TuFr
1714,TuFr
1718,MoTh
1719,TuFr
1720,Tu
1721,TuFr
1722,TuFr
1723,TuFr
1724,Mo
1726,TuTh
1727,MoTh
1728,Fr
1729,We
1730,Fr
1731,MoTh
1732,MoWe
1733,TuFr
1734,Tu
1735,TuTh
1737,MoTh
1738,Tu
1740,TuFr
1744,TuFr
1745,Fr
1746,WeSa
1747,WeFr
1748,TuFr
1749,TuTh
1750,MoTh
1751,We
1752,TuTh
1753,TuFr
1754,MoTh
1755,TuFr
1756,Fr
1757,TuFr
1758,Tu
1759,TuFr
1760,We
1761,We
1762,TuFr
1763,MoTh
1764,TuFr
1766,TuFr
1767,TuFr
1768,MoTh
1771,MoFr
1772,TuFr
1773,TuFr
1774,TuFr
1775,TuTh
1776,TuFr
1779,MoTh
1780,Th
1781,MoFr
1782,WeFr
1783,TuFr
1784,TuFr
1785,TuFr
1786,Th
1787,Fr
1788,Fr
1789,MoTh
1790,TuTh
1791,TuTh
1793,MoTh
1795,TuTh
1796,TuFr
1797,TuTh
1798,TuTh
1800,TuTh
1801,TuFr
1802,Fr
1803,TuFr
1804,TuTh
1805,TuFr
1806,MoWeFr
1808,Mo
1809,MoTh
1810,Fr
1811,MoWeFr
1812,TuFr
1813,TuTh
1814,We
1815,MoTh
1816,Tu
1817,MoTh
1818,Tu
1819,TuFr
1821,Mo
1824,Mo
1825,WeFr
1826,TuFr
1827,TuFr
1828,TuTh
1829,WeFr
1830,MoFr
1831,MoTh
1832,TuFr
1833,TuFr
1834,TuFr
1835,TuFr
1836,MoTh
1837,TuFr
1839,MoTh
1840,MoTh
1841,MoFr
1842,Tu
1843,Tu
1845,Sa
1846,TuFr
1847,Sa
1848,Mo
1849,MoTh
1851,Th
1852,MoTh
1853,WeFr
1856,MoTh
1857,TuFr
1858,TuTh
1859,TuFr
1861,Mo
1862,We
1863,TuFr
1865,Th
1866,MoTh
1868,TuFr
1870,TuFr
1871,MoTuWeThFr
1872,WeFrSa
1874,Sa
1877,TuFr
1878,Tu
1879,Tu
1880,TuFr
1881,TuFr
1882,MoTh
1888,TuFr
1889,MoTh
1892,MoFr
1894,TuFr
1895,We
1896,Tu
1897,Fr
1898,We
1899,WeFr
1900,MoTh
1901,TuThFr
1902,TuFr
1903,TuFr
1904,We
1905,MoTh
1907,TuFr
1908,TuFr
1909,Mo
1910,TuFr
1911,MoTh
1912,TuFr
1913,MoTh
1914,WeFr
1915,TuFr
1916,Sa
1917,TuFr
1919,MoFr
1920,TuFr
1922,TuTh
1923,TuFr
1924,TuFr
1925,TuTh
1926,Fr
1927,MoTh
1928,WeFr
1929,We
1930,MoFr
1931,TuFr
1932,TuFr
1933,MoFr
1934,TuFr
1936,MoFr
1937,TuFr
1938,MoTh
1939,TuFr
1940,MoFr
1941,We
1942,MoFr
1943,MoTh
1946,TuFr
1947,TuFr
1948,Fr
1949,MoTh
1950,MoTh
1951,MoWe
1953,We
1954,TuFr
1955,Th
1956,MoSa
1957,Sa
1958,MoFr
1959,MoWeFr
1960,MoWe
1961,MoTh
1962,Mo
1963,TuFr
1965,MoWeFr
1966,TuFr
1969,Tu
1971,Tu
1972,TuFr
1973,MoTh
1974,TuFr
1975,TuFr
1976,Fr
1978,MoTu
1979,TuFr
1982,MoTh
1983,MoTh
1986,We
1987,TuTh
1988,TuFr
1989,TuFr
1990,Tu
1991,MoTh
1992,WeFr
1993,TuFr
1994,MoTh
1995,MoTh
1996,Fr
1997,MoTh
1998,Mo
1999,We
2000,Fr
2001,Fr
2002,TuFr
2004,TuFr
2005,MoTh
2006,TuFr
2007,TuTh
2010,MoTh
2011,Th
2013,MoTh
2014,Fr
2015,MoTh
2016,MoWeFr
2020,Fr
2021,TuFr
2025,MoTh
2028,WeFr
2030,TuFr
2031,Sa
2032,Th
2033,Mo
2035,MoTh
2036,MoWeFr
2037,WeFr
2038,MoTh
2039,MoTh
2043,Th
2044,Tu
2046,WeFr
2047,MoWe
2048,TuFr
2050,TuFr
2051,TuFr
2052,TuFr
2053,WeFr
2054,TuFr
2055,TuFr
2056,WeFr
2057,TuFr
2058,TuTh
2060,TuFr
2061,MoTh
2062,MoTh
2063,TuFr
2065,TuFr
2066,TuFr
2069,TuFr
2070,TuFr
2071,Tu
2073,MoTh
2075,TuFr
2077,TuFr
2078,MoTh
2079,Mo
2080,Mo
2081,TuFr
2082,Th
2083,Fr
2084,None
2086,TuFr
2088,TuFr
2089,TuFr
2091,Fr
2092,TuFr
2093,TuFr
2094,MoTh
2097,MoFr
2098,TuFr
2099,Fr
2100,MoTh
2101,TuFr
2102,TuTh
2104,MoFr
2105,Th
2106,WeFr
2107,TuFr
2110,TuFr
2111,MoTh
2113,TuFr
2114,MoTuFr
2115,TuFr
2116,WeFr
2117,MoTh
2119,Th
2120,TuFr
2121,TuFr
2123,Mo
2124,We
2125,We
2126,Fr
2127,WeFr
2130,TuTh
2131,Fr
2132,MoTh
2133,Tu
2134,MoTh
2135,Fr
2136,TuFr
2137,Fr
2138,TuFr
2140,TuFr
2142,TuFr
2143,MoTh
2146,MoWeFr
2147,TuFr
2149,TuFr
2150,WeFr
2151,WeSa
2152,We
2153,MoTh
2154,Tu
2156,Fr
2159,TuFr
2160,MoTh
2161,TuFr
2164,MoTh
2165,Th
2166,Fr
2173,WeFr
2175,We
2176,TuSa
2177,We
2178,MoTh
2181,TuFr
2183,MoTh
2186,Th
2187,TuTh
2188,Th
2189,WeFr
2190,TuFr
2191,MoTh
2192,MoWeFr
2193,MoFr
2194,MoTh
2196,TuFr
2197,TuFr
2198,We
2199,TuFr
2201,TuSa
2202,TuFr
2206,WeFr
2207,We
2209,TuFr
2210,TuFr
2211,TuFr
2213,TuFr
2214,MoTh
2215,Mo
2218,TuTh
2221,MoWe
2223,Mo
2224,MoTh
2226,TuFr
2231,WeSa
2234,TuFr
2237,FrSa
2238,WeFr
2239,TuFr
2241,TuFr
2242,TuFr
2244,MoFr
2245,TuFr
2246,Mo
2249,TuFr
2250,TuFr
2251,TuFr
2253,TuFr
2256,Fr
2258,Tu
2259,TuFr
2262,Fr
2264,TuFr
2265,TuFr
2266,MoTh
2269,MoTh
2270,MoTh
2271,TuFr
2273,WeFr
2275,Fr
2276,TuFr
2277,WeFr
2280,TuFr
2285,MoFr
2286,Fr
2288,WeFr
2289,WeFr
2291,TuTh
2292,Fr
2293,Th
2295,TuFr
2297,MoFr
2306,TuFr
2307,TuFr
2308,TuFr
2309,MoFr
2310,MoTh
2311,TuFr
2312,MoWeFr
2313,TuFr
2314,MoFr
2315,TuFr
2316,MoTh
2317,MoTh
2319,Tu
2320,TuFr
2321,TuFr
2322,MoTh
2323,MoTh
2325,MoTh
2326,TuFr
2328,Mo
2330,TuFr
2332,TuTh
2333,Tu
2335,We
2337,MoWeFr
2338,Fr
2339,MoTh
2345,We
2348,MoTh
2350,MoTh
2351,MoFr
2352,TuFr
2354,TuFr
2355,TuFr
2358,Fr
2360,Tu
2361,We
2362,Th
2369,Fr
2376,MoTh
2385,TuFr
2386,TuFr
2387,MoFr
2388,MoFr
2392,TuSa
2395,MoTh
2397,TuFr
2399,MoTh
2400,TuFr
2401,MoTh
2403,TuFr
2404,TuFr
2405,MoTh
2406,ThSa
2415,Fr
2418,TuFr
2421,TuFr
2424,TuFr
2426,MoWeThFr
2427,TuTh
2428,TuFr
2430,TuFr
2432,MoTh
2433,MoTh
2434,TuFr
2437,MoTh
2438,Fr
2441,TuFr
2442,MoFr
2444,TuFr
2447,We
2448,Fr
2450,We
2451,Mo
2453,MoFr
2455,MoWeFrSa
2458,TuSa
2459,TuThSa
2468,TuFr
2469,TuFr
2471,MoTh
2472,MoTh
2473,MoTh
2474,MoWeFr
2475,TuFr
2476,TuFr
2479,Fr
2482,TuFr
2484,TuFr
2486,Th
2488,TuFr
2490,TuFr
2491,TuFr
2493,We
2494,WeFr
2495,WeFr
2499,WeSa
2500,We
2504,MoWeFr
2505,TuFr
2506,TuFr
2508,Sa
2509,Th
2510,Fr
2512,WeFr
2513,MoTh
2515,TuFr
2517,TuTh
2522,MoFr
2523,TuFr
2526,TuFr
2527,TuTh
2529,Fr
2530,TuFr
2531,Mo
2532,MoFr
2533,Fr
2534,TuFr
2536,TuFr
2537,TuThSa
2538,TuFr
2541,TuFr
2542,TuFr
2544,Fr
2545,TuFr
2546,TuFr
2547,MoFr
2549,TuFr
2550,TuFr
2552,MoTh
2553,TuFr
2554,WeFr
2556,TuFr
2557,TuFr
2558,TuFr
2559,TuTh
2562,Tu
2563,Fr
2564,MoTh
2565,MoTh
2566,Fr
2567,We
2571,MoWe
2576,Mo
2580,TuFr
2581,MoTh
2583,Fr
2584,TuFr
2586,TuFr
2591,TuSa
2592,TuTh
2593,TuTh
2594,MoTh
2595,MoWeFr
2596,WeFr
2598,MoTh
2599,We
2600,TuFr
2605,MoTh
2606,MoTh
2607,TuFr
2608,MoWeFr
2609,WeFr
2610,TuFr
2612,Sa
2613,Th
2615,TuFr
2616,MoTuWeFr
2617,TuFr
2618,TuFr
2619,TuTh
2620,TuFr
2621,TuFr
2626,Sa
2627,MoTh
2628,TuFr
2630,TuFr
2631,TuFr
2632,MoTh
2634,MoFr
2637,MoTh
2639,Fr
2643,Th
2644,TuTh
2645,Tu
2646,MoTh
2647,TuTh
2648,Sa
2649,TuFr
2652,TuFr
2653,MoTh
2656,TuFr
2657,TuSa
2658,Fr
2659,WeFr
2662,TuFr
2665,TuFr
2666,Mo
2667,We
2668,Fr
2671,MoTh
2672,TuFr
2678,TuFr
2679,TuFr
2680,TuFr
2681,MoFr
2682,TuFr
2684,MoTuWeFr
2685,TuTh
2686,TuFr
2687,MoTh
2688,MoTh
2690,TuFr
2691,MoFr
2692,TuFr
2693,WeFr
2694,Fr
2695,Sa
2696,TuFr
2697,TuFr
2699,Th
2700,TuFr
2702,Th
2703,TuTh
2704,MoTh
2706,TuFr
2708,WeFr
2712,Fr
2713,TuFr
2714,MoTh
2715,MoWeFr
2716,TuFr
2717,TuFr
2718,TuFr
2720,TuFr
2722,TuFr
2724,TuFr
2725,MoThFr
2726,Fr
2727,TuFr
2728,TuFr
2729,MoTh
2730,WeFr
2731,TuTh
2732,MoTh
2733,Tu
2734,TuFr
2735,MoTh
2739,TuFr
2741,Tu
2742,TuFr
2743,WeFr
2744,MoTh
2745,TuFr
2748,TuFr
2749,TuFr
2751,MoWe
2752,MoWe
2753,MoTh
2754,TuFr
2755,TuFr
2757,TuFr
2758,TuFr
2760,TuFr
2761,TuFr
2762,MoTh
2764,TuFr
2766,MoTh
2767,Th
2768,Th
2769,TuFr
2771,MoTu
2772,MoTh
2773,MoWeThFr
2774,Mo
2777,TuFr
2778,TuFr
2779,Fr
2780,Sa
2781,Sa
2783,Fr
2785,TuFr
2786,MoFr
2787,Tu
2788,Tu
2789,ThSa
2793,MoTh
2794,MoTh
2795,TuFr
2796,Sa
2801,Mo
2803,MoTh
2805,MoTh
2807,Th
2808,MoTh
2809,Mo
2810,TuFr
2811,MoTh
2812,TuFr
2813,MoTh
2814,WeFr
2815,MoTh
2816,MoWe
2817,Th
2819,WeFr
2820,MoFr
2822,MoTh
2826,TuFr
2827,TuFr
2831,MoTh
2832,MoTh
2833,MoTh
2835,TuWeTh
2836,WeFr
2837,TuTh
2838,TuTh
2840,TuTh
2842,TuFr
2844,Fr
2845,Tu
2846,TuFr
2847,TuFr
2849,TuFr
2852,TuFr
2855,Fr
2856,TuFr
2857,TuFr
2858,Fr
2859,TuFr
2860,MoTh
2861,Sa
2862,Sa
2863,Tu
2864,TuFr
2866,We
2867,TuFr
2869,TuFr
2872,MoTh
2873,TuFr
2874,Fr
2875,MoTh
2876,Fr
2877,Th
2878,TuFr
2880,MoTh
2881,Sa
2882,Fr
2883,Th
2886,TuTh
2887,Mo
2889,TuFr
2890,TuFr
2891,TuFr
2892,Tu
2893,TuFr
2905,TuFr
2906,Fr
2907,MoWeFr
2908,TuTh
2910,TuFr
2911,MoTuThFr
2912,TuFr
2913,TuFr
2914,MoTh
2915,WeFr
2916,Fr
2917,TuFr
2918,TuFr
2919,TuFr
2920,Sa
2921,WeFr
2922,Tu
2923,Sa
2925,Th
2926,Th
2927,TuFr
2928,TuFr
2929,TuTh
2932,MoTh
2933,TuFr
2934,TuFr
2935,MoTh
2936,MoTh
2937,TuFr
2938,Th
2939,MoTh
2940,Th
2941,TuFr
2947,TuFr
2948,TuFr
2950,We
2951,Fr
2952,WeFr
2955,MoTh
2956,Tu
2958,MoFr
2959,TuFr
2962,TuThSa
2963,WeSa
2966,MoTh
2967,MoWeFr
2968,MoFr
2973,Tu
2974,TuFr
2975,TuTh
2976,TuFr
2977,TuFr
2978,TuFr
2979,MoTh
2981,Tu
2984,Fr
2985,MoTh
2986,MoTh
2987,WeSa
2988,MoTh
2989,TuFr
2990,Fr
2991,TuFr
2992,MoTuThFr
2993,MoTh
2994,MoFr
2995,TuFr
2996,MoTh
2998,Fr
3004,MoFr
3008,MoTh
3013,TuFr
3014,TuFr
3015,TuFr
3017,MoTh
3019,We
3020,Th
3021,WeTh
3022,MoTh
3023,Fr
3025,Th
3026,TuTh
3030,Th
3031,Th
3032,Th
3033,Th
3042,MoTh
3046,Fr
3047,TuFr
3048,Th
3049,WeFr
3050,MoTh
3052,MoTh
3055,TuFr
3057,TuFr
3059,Fr
3062,MoWeFr
3065,We
3066,Sa
3067,MoTh
3068,Tu
3069,MoTh
3071,Fr
3077,TuFr
3083,Mo
3084,Th
3088,TuFr
3090,MoTh
3093,Sa
3094,Sa
3096,MoTh
3097,We
3098,WeFr
3099,TuFr
3101,TuFr
3102,Th
3103,MoWe
3104,Sa
3106,TuFr
3119,TuThFr
3126,Th
3127,We
3131,WeFr
3133,Mo
3135,TuFr
3136,TuFrSa
3140,Fr
3142,TuFr
3143,WeFr
3144,MoTh
3145,MoTh
3146,TuFr
3147,Th
3149,MoTuWe
3150,WeFr
3151,MoTh
3152,MoTh
3156,TuFr
3162,TuFr
3166,TuFr
3167,MoFr
3169,MoWe
3170,MoWe
3171,MoTh
3172,MoTh
3173,MoTh
3175,Mo
3177,We
3179,WeFr
3180,TuFr
3182,MoTh
3183,TuFr
3184,TuFr
3185,TuFr
3186,Tu
3188,MoTh
3191,TuFr
3192,Fr
3197,Mo
3198,MoTh
3199,Tu
3202,MoWeTh
3205,MoTh
3206,TuFr
3207,TuSa
3208,WeFr
3209,Th
3210,TuFr
3213,MoTh
3214,MoFr
3215,WeFr
3216,MoWeFr
3217,TuFr
3218,MoTh
3219,MoTh
3220,TuFr
3221,TuFr
3222,MoTh
3224,WeFr
3225,TuTh
3226,TuFr
3227,Mo
3229,We
3230,MoFr
3232,TuFr
3233,MoFr
3234,MoTh
3235,MoFr
3237,MoTh
3238,Fr
3239,TuFr
3241,TuSa
3245,TuFr
3250,MoTh
3251,TuFr
3254,WeFr
3255,TuFr
3258,Fr
3259,MoFr
3260,TuTh
3261,TuFr
3262,TuFr
3265,MoTh
3267,MoTh
3268,TuFr
3269,Th
3270,TuFr
3271,TuFr
3273,MoTh
3274,TuFr
3275,MoTh
3276,WeFr
3277,TuFr
3278,MoTh
3279,TuFr
3280,MoWe
3283,MoWe
3284,MoTh
3285,We
3286,TuFr
3287,Fr
3289,MoTh
3290,MoTh
3293,MoTh
3294,Fr
3296,TuTh
3297,TuFr
3298,TuFr
3299,TuFr
3300,TuFr
3302,TuFr
3303,MoTh
3304,Mo
3305,Tu
3306,TuFr
3307,Sa
3308,Sa
3309,Sa
3310,MoSa
3311,Fr
3313,WeTh
3315,TuFr
3317,MoTh
3320,MoTh
3322,Fr
3328,MoFr
3329,TuFr
3330,TuFr
3331,MoTh
3332,Fr
3334,TuFr
3336,TuFr
3340,MoTh
3341,MoTh
3342,MoFr
3344,MoFr
3347,Sa
3348,TuFr
3349,Sa
3350,TuFr
3351,TuFr
3352,MoTh
3354,Tu
3355,Tu
3356,Tu
3357,We
3360,WeSa
3362,MoTh
3363,Fr
3366,We
3367,TuFr
3370,TuThFr
3371,MoTh
3377,Tu
3379,We
3380,TuFr
3381,MoTh
3382,TuTh
3383,TuFr
3384,Fr
3386,Fr
3387,TuThFrSa
3388,Tu
3389,MoTh
3390,MoTh
3391,TuFr
3392,Fr
3394,Tu
3395,WeFr
3397,Th
3400,Fr
3401,MoTh
3403,MoTh
3406,We
3408,TuFr
3415,TuSa
3417,Sa
3418,Mo
3419,TuFr
3420,Fr
3424,MoFr
3425,WeFr
3427,TuFr
3428,WeFr
3430,TuFr
3431,TuFr
3432,MoTh
3433,TuFr
3434,Fr
3435,MoFr
3436,TuFr
3439,TuFr
3441,TuTh
3445,MoTh
3447,TuFr
3451,TuFr
3453,We
3454,Th
3457,TuFr
3459,MoTh
3460,Sa
3461,MoTh
3463,Tu
3464,TuFr
3465,ThSa
3471,TuFr
3472,Fr
3473,TuTh
3474,TuThSa
3476,TuFr
3477,WeFr
3478,Fr
3479,Fr
3480,MoFr
3482,TuFr
3483,WeFr
3484,Fr
3485,TuFr
3486,TuFr
3487,Fr
3488,MoTh
3492,Tu
3493,TuTh
3494,MoWe
3495,TuFr
3497,Th
3499,WeFr
3502,MoTh
3503,TuFr
3505,MoFr
3506,MoTh
3508,MoTh
3509,MoFr
3511,TuFr
3512,Mo
3513,Fr
3515,TuFr
3516,WeFr
3517,Mo
3518,MoTh
3522,TuFr
3523,TuFr
3524,MoTh
3525,TuFr
3526,MoSa
3527,TuSa
3528,TuFr
3529,Fr
3530,MoTh
3531,TuFr
3533,Th
3534,Th
3535,Fr
3537,MoTh
3538,Fr
3542,TuFr
3549,Sa
3566,Mo
3567,TuFr
3568,TuFr
3569,MoTh
3570,TuFr
3571,MoTh
3572,TuTh
3573,MoTh
3574,Th
3579,TuFr
3580,MoTh
3581,TuFr
3582,We
3583,Fr
3587,TuFr
3588,MoTh
3589,TuFr
3590,TuTh
3591,TuFr
3593,TuFr
3594,TuFr
3595,TuTh
3596,MoTh
3597,TuTh
3599,Fr
3600,Tu
3601,MoFr
3602,TuFr
3604,MoTh
3607,TuFr
3608,MoTh
3609,MoFr
3610,TuFr
3612,TuFr
3614,Mo
3615,TuFr
3616,MoTh
3617,MoTh
3620,MoTh
3621,Th
3622,Tu
3623,TuFr
3624,Th
3625,TuFr
3626,MoTh
3627,TuTh
3628,Fr
3630,TuFr
3631,TuFr
3632,Fr
3635,Fr
3637,Fr
3638,Tu
3640,Fr
3641,MoTh
3643,TuFr
3644,MoFr
3645,TuFr
3648,Th
3650,Th
3652,TuFr
3656,TuFr
3659,TuFr
3660,TuFr
3661,TuFrSa
3700,TuFr
3701,TuTh
3702,Sa
3703,MoTh
3705,Tu
3709,MoTh
3717,MoTh
3722,MoTh
3723,We
3724,Fr
3725,MoTh
3726,WeFr
3727,TuFr
3728,TuFr
3729,WeFr
3730,TuFr
3731,Tu
3732,TuFr
3733,MoTh
3734,Tu
3739,Sa
3742,TuFr
3743,TuFr
3745,ThFr
3747,Tu
3748,MoTh
3750,Fr
3751,TuFr
3752,TuFr
3757,TuFr
3760,TuFr
3761,Fr
3762,TuTh
3763,Tu
3764,Tu
3765,MoTh
3768,TuTh
3770,MoWe
3771,TuFr
3773,TuFr
3775,Tu
3777,TuFr
3778,MoTh
3779,ThFr
3781,MoTh
3782,MoWeFr
3783,MoTh
3784,We
3785,MoFr
3786,TuFr
3788,TuTh
3789,MoFr
3790,Fr
3794,TuFr
3799,WeSa
3801,MoTh
3805,Mo
3806,Tu
3807,TuFr
3809,Tu
3811,TuFr
3812,MoTh
3822,We
3826,MoTh
3827,MoTh
3828,TuFr
3829,TuFr
3831,MoFr
3833,TuFr
3835,Tu
3841,Fr
3842,TuFr
3844,TuFr
3845,WeSa
3846,MoTh
3847,TuFr
3848,TuFr
3850,MoTh
3852,TuFr
3853,WeFr
3856,Tu
3857,MoTh
3858,TuSa
3861,TuFr
3862,MoTuSa
3864,MoWeFr
3872,Fr
3874,Tu
3876,WeFr
3877,WeFr
3879,MoFr
3883,MoFr
3884,Fr
3886,MoTh
3891,MoWeFr
3893,MoFr
3894,TuFr
3897,Fr
4046,MoWe
4048,Tu
4053,Tu
4057,MoTuFr
4064,MoFr
4103,TuFr
4105,Sa
4114,Fr
4126,MoTh
4127,Th
4129,MoTh
4131,TuFr
4134,TuFr
4137,TuFr
4138,MoTh
4140,We
4141,TuFr
4143,MoTh
4144,TuFr
4145,MoTh
4147,We
4149,TuFr
4157,Tu
4159,TuFr
4160,Sa
4161,TuFr
4164,MoTh
4167,TuFr
4169,We
4171,TuFr
4173,Th
4176,MoTh
4178,TuFr
4180,Sa
4183,MoTh
4188,Mo
4189,TuFr
4191,Mo
4194,TuFr
4195,TuFr
4196,We
4198,MoTh
4206,Fr
4208,We
4209,TuFr
4210,MoTuFr
4215,Tu
4217,We
4218,WeSa
4219,TuFr
4221,Fr
4223,TuFr
4224,TuFr
4226,TuFr
4228,Tu
4230,TuTh
4231,TuTh
4233,TuFr
4234,We
4235,MoFr
4237,TuFr
4239,WeFr
4241,TuFr
4243,TuTh
4244,WeTh
4246,We
4249,TuFr
4250,TuTh
4251,TuWeFr
4252,TuFr
4253,TuFr
4254,TuWeThFr
4255,MoTh
4256,TuFr
4257,TuFr
4258,Fr
4259,We
4262,Sa
4264,WeFr
4274,MoTh
4277,MoFr
4278,MoTh
4279,Fr
4282,Fr
4283,TuFr
4284,We
4285,TuFr
4288,Th
4293,WeSa
4295,TuFr
4296,MoTh
4298,Th
4299,Th
4303,ThFr
4306,TuFr
4309,TuFr
4318,TuFr
4321,MoWe
4322,Mo
4323,MoFr
4324,WeSa
4325,TuFr
4332,TuSa
4333,TuFr
4334,Tu
4335,We
4336,Th
4337,TuFr
4340,WeSa
4341,TuFr
4342,MoTh
4350,MoTh
4353,Tu
4354,TuFr
4356,Tu
4357,TuFr
4358,MoTh
4359,MoTh
4360,Mo
4367,Fr
4368,Sa
4369,Fr
4370,MoFr
4372,Mo
4378,MoFr
4379,MoTh
4380,We
4383,TuFr
4399,TuFr
4405,We
4407,TuFr
4409,MoWe
4412,Sa
4413,TuFr
4414,TuFr
4415,TuThSa
4416,MoTh
4417,MoTh
4420,MoTh
4424,TuTh
4425,Tu
4427,Sa
4428,TuFr
4430,TuFr
4438,TuFr
4439,Fr
4440,Tu
4444,TuFr
4445,Fr
4446,TuFr
4450,We
4451,WeSa
4452,WeFr
4458,TuTh
4459,WeFr
4460,TuTh
4472,TuFr
4473,WeFr
4474,Fr
4475,TuFr
4476,TuFr
4477,TuFr
4479,MoTh
4482,MoTh
4483,TuFr
4487,MoTh
4498,WeSa
4499,TuTh
4508,MoTh
4509,MoTh
4511,TuSa
4514,TuFr
4520,Sa
4523,Fr
4524,MoTh
4531,MoFr
4533,TuFr
4538,MoTh
4540,MoTh
4543,TuFr
4554,TuFr
4556,TuFr
4558,Tu
4564,TuTh
4567,MoWe
4570,MoTh
4574,Tu
4580,MoTh
4581,MoTh
4583,TuFr
4584,MoTh
4588,TuFr
4593,TuFr
4594,Mo
4599,MoWe
4600,TuFr
4601,TuFr
4603,WeFr
4606,MoTh
4607,MoTh
4609,TuFr
4611,TuFr
4615,TuFr
4616,TuFr
4617,TuSa
4623,TuFr
4631,Tu
4635,MoTh
4636,WeFr
4637,MoTh
4638,MoTh
4639,Th
4657,Fr
4659,Fr
4660,TuFr
4664,TuFr
4667,TuSa
4677,Fr
4678,We
4679,TuFr
4681,Tu
4682,TuFr
4683,MoTh
4689,We
4700,Tu
4706,TuFr
4747,Th
4757,Fr
4759,TuFr
4849,WeFr
4865,MoTh
5002,Th
5005,Sa
5007,MoTh
5013,MoTh
5014,Tu
5021,MoWe
5022,Fr
5027,MoTh
5028,Fr
5029,MoTh
5030,MoTh
5031,TuFr
5033,We
5034,Fr
5035,Sa
5036,Tu
5037,Sa
5038,TuTh
5041,TuFr
5043,MoTh
5044,TuFr
5045,Mo
5048,TuFr
5051,We
5054,Sa
5055,Sa
5056,MoTh
5057,TuFr
5058,MoTh
5060,MoTh
5063,MoTh
5064,MoWe
5065,MoTh
5066,We
5070,TuFr
5071,TuFr
5072,WeFr
5073,MoWe
5076,TuFr
5080,TuFr
5082,We
5083,MoWe
5087,Fr
5090,TuFr
5092,MoTh
5093,Fr
5097,TuFr
5098,Fr
5099,TuFr
5100,MoTh
5101,TuFr
5104,TuTh
5105,MoWeFr
5106,Th
5108,Sa
5110,TuFr
5113,TuFr
5115,TuFr
5116,MoTh
5117,MoTh
5118,Tu
5119,MoTh
5122,MoTh
5123,Th
5124,WeFr
5127,TuFr
5132,TuSa
5133,Sa
5134,TuFr
5137,WeFr
5139,MoTh
5144,TuFr
5145,TuFr
5146,TuFr
5147,TuFr
5149,MoTh
5150,TuFr
5151,MoTh
5152,We
5154,TuFr
5155,TuTh
5157,Sa
5159,MoFr
5160,TuFr
5162,Tu
5164,Fr
5165,MoTh
5166,TuTh
5167,TuFr
5170,TuFr
5172,Sa
5173,Tu
5174,MoTh
5175,TuFr
5179,TuFr
5180,MoTh
5181,MoTh
5183,Fr
5184,MoWeThFr
5185,TuFr
5186,WeSa
5190,WeSa
5191,Th
5192,TuFr
5193,WeFr
5195,TuFr
5196,MoTh
5197,TuFr
5199,Mo
5202,TuFr
5203,Fr
5205,MoTh
5206,We
5207,MoTh
5210,Th
5211,TuFr
5216,TuFr
5218,TuSa
5220,MoFr
5221,TuFr
5226,TuFr
5227,WeFr
5231,MoTh
5232,We
5233,TuFr
5234,TuFr
5235,TuFr
5236,Fr
5240,TuFr
5242,MoTh
5244,TuFr
5245,TuFr
5246,TuFr
5247,TuFr
5250,TuSa
5251,Tu
5252,TuFr
5253,MoFr
5254,TuFr
5255,TuFr
5257,WeSa
5258,TuFr
5259,TuFr
5260,Fr
5261,TuTh
5262,TuFr
5263,MoTh
5266,TuSa
5269,Tu
5270,Tu
5272,TuFr
5273,TuFr
5274,WeFr
5275,Th
5276,MoTh
5280,Th
5286,TuFr
5287,TuFr
5288,MoWe
5290,TuFr
5292,TuFr
5293,Fr
5296,Fr
5298,TuFr
5299,MoWeFr
5300,Mo
5301,TuSa
5303,TuTh
5304,TuFr
5305,WeFr
5306,TuFr
5307,TuFr
5308,MoTh
5309,TuFr
5311,TuFr
5312,TuFr
5313,TuThFr
5314,TuFr
5316,MoTh
5317,TuFr
5319,TuFr
5320,MoTh
5321,TuFr
5325,WeSa
5326,Sa
5327,TuFr
5328,TuFr
5330,MoTh
5331,MoTh
5332,MoFr
5335,TuFr
5337,TuFr
5338,TuFr
5341,Tu
5343,WeFr
5348,TuFr
5350,MoWe
5352,Fr
5355,TuFr
5359,MoTh
5361,TuFr
5363,MoFr
5365,Sa
5366,Sa
5368,Tu
5369,WeFr
5370,Tu
5372,Fr
5373,TuFr
5374,MoFr
5376,TuFr
5385,MoTh
5386,Tu
5387,TuFr
5388,TuFr
5389,TuTh
5390,TuFr
5391,Sa
5392,MoWe
5394,TuFr
5396,TuFr
5397,Tu
5398,TuTh
5399,WeFr
5402,Th
5403,TuFr
5404,Fr
5406,TuFr
5408,TuFr
5409,We
5410,TuFr
5411,MoTh
5416,TuFr
5417,MoTh
5418,MoTh
5419,TuFr
5420,MoWeFr
5422,MoFr
5423,Tu
5424,MoTh
5425,We
5426,TuFr
5428,WeSa
5429,TuFr
5430,TuFr
5433,TuTh
5434,WeSa
5435,MoTh
5438,WeFr
5440,MoTh
5441,TuTh
5442,MoFr
5443,Fr
5444,MoWeFr
5449,MoTh
5451,Sa
5453,Sa
5455,Fr
5457,Sa
5458,Fr
5460,MoTh
5462,TuFr
5466,MoTh
5471,MoTh
5472,TuFr
5477,WeFr
5478,We
5479,MoTh
5480,MoWe
5481,Mo
5482,Tu
5485,Fr
5486,MoTh
5487,TuFr
5488,MoFr
5489,Th
5491,MoTh
5493,TuFr
5494,TuFr
5497,TuWeFr
5498,MoTuThFr
5499,MoFr
5600,TuTh
5601,TuFr
5602,WeFr
5603,Th
5604,We
5606,TuFr
5608,TuFr
5609,TuFr
5610,Th
5611,TuFr
5612,Sa
5613,TuFr
5614,Th
5615,TuFr
5616,TuFr
5622,TuFr
5623,TuTh
5624,MoTh
5626,WeFr
5627,TuFr
5628,TuFr
5629,MoFr
5632,Tu
5633,TuFr
5634,MoTh
5635,TuFr
5637,WeFr
5638,TuFr
5639,TuFr
5640,TuFr
5641,TuFr
5643,TuFr
5644,TuFr
5645,Fr
5646,Th
5647,TuFr
5653,TuFr
5654,Fr
5657,TuFr
5658,MoTh
5659,MoTh
5661,Th
5663,We
5664,We
5666,WeFr
5667,Th
5668,Th
5669,TuFr
5670,TuFr
5671,TuFr
5672,TuFr
5673,TuFr
5676,TuWe
5678,TuFr
5683,TuFr
5684,We
5685,Th
5687,Fr
5688,Th
5690,WeFr
5691,WeFr
5692,MoWeFr
5693,MoFr
5695,TuFr
5698,TuWe
5701,Fr
5703,Th
5705,Fr
5706,WeFr
5707,TuFr
5709,Tu
5710,WeFr
5722,TuFr
5727,Sa
5728,Fr
5731,MoTh
5732,TuTh
5735,MoTh
5737,TuFr
5738,TuFr
5743,TuTh
5745,TuFr
5747,TuFr
5748,MoTh
5751,TuSa
5753,WeFr
5754,TuFr
5755,TuFr
5758,WeFr
5759,Fr
5760,TuFr
5761,TuFr
5763,We
5764,TuFr
5766,TuFr
5767,Tu
5768,WeSa
5772,TuFr
5779,MoTh
5781,Fr
5783,TuTh
5786,MoTh
5787,TuFr
5797,TuFr
5799,WeFr
5804,Mo
5805,Th
5808,TuFr
5809,MoTh
5810,MoWe
5812,Mo
5813,TuFr
5814,Th
5815,Fr
5817,Sa
5818,Tu
5819,WeSa
5820,Sa
5823,MoTh
5826,TuFr
5831,MoWeFr
5832,TuFr
5835,Sa
5837,Tu
5839,TuFr
5840,MoTh
5841,Th
5842,MoTh
5843,TuFr
5844,MoTh
5845,MoWeFr
5846,MoTh
5847,TuFr
5848,TuFr
5851,TuFr
5853,TuFr
5854,TuFr
5855,Th
5856,Th
5858,WeFr
5860,Tu
5863,Th
5864,TuFr
5869,TuFr
5871,MoFr
5872,Fr
5873,Th
5874,TuFr
5875,WeFr
5876,TuSa
5879,TuFr
5880,Mo
5882,TuSa
5883,TuFr
5884,MoTh
5886,Th
5889,MoTh
5890,TuFr
5893,TuFr
5894,TuFr
5898,MoTh
5899,TuFr
5911,Sa
5912,TuFr
5929,MoTh
5930,TuFr
5931,MoWe
5932,Sa
5935,TuFr
5936,MoTh
5938,WeFr
5939,WeFr
5941,TuFr
5945,TuFr
5947,Sa
5954,Th
5956,TuFr
5957,We
5959,Fr
5960,TuSa
5962,Sa
5963,Fr
5965,Fr
5969,We
5976,TuFr
5977,We
5979,TuFr
5980,MoTh
5981,MoTh
5982,We
5985,Th
5986,Tu
5988,MoTh
5990,Th
5991,Th
5992,We
5993,TuFr
5994,TuFr
5995,TuFr
6078,WeFr
6098,TuFr
6159,Mo
6166,MoWeFr
6167,Th
6170,MoTh
6172,WeFr
6173,TuFr
6177,WeTh
6178,WeFr
6226,Mo
6263,ThFr
6264,Fr
6392,Fr
6394,TuFr
6400,MoTh
6459,TuFr
6470,Tu
6500,MoFr
6548,TuFr
6574,TuFr
6576,Mo
6577,Fr
6578,Fr
6585,MoTu
6586,TuFr
6588,Tu
6589,Sa
6590,MoTh
6798,TuFr
6813,TuFrSa
6814,Fr
6828,TuFr
6849,MoWeFr
6850,MoFr
6851,TuFr
6933,MoWe
6937,Sa
6942,TuFr
6953,TuTh
6960,TuFr
6962,MoWeFr
6968,Fr
6971,Tu
6998,MoFr
7004,Fr
7043,MoTuTh
7062,Tu
7072,Fr
7098,WeFr
7127,Fr
7129,Fr
7146,TuFr
7162,TuFr
7168,Fr
7180,MoTh
7205,Fr
7209,Th
7217,TuTh
7218,TuFr
7222,TuFr
7224,TuFr
7232,Tu
7235,TuFr
7238,Mo
7240,TuTh
7241,MoWeFr
7245,MoFr
7247,WeFr
7249,TuFr
7309,Fr
7315,Fr
7329,Th
7334,TuTh
7342,TuFr
7357,Tu
7361,TuThSa
7362,Tu
