Store.Number,Whlsr #,Whlsr Name
1,20359,A&B DIST INC OF NWA
2,10327,MCBRIDE DISTRIBUTING
3,71008,LEON FARMER & COMPANY
4,23559,A & B DISTRIBUTORS
7,350,GOLDEN EAGLE OF ARKANSAS
9,42483,BOB RALPH DISTRIBUTION
10,23559,A & B DISTRIBUTORS
11,10327,MCBRIDE DISTRIBUTING
12,93500,ANHEUSER-BUSCH SALES OF OK
13,22450,MISSOURI EAGLE
14,32459,MISSOURI EAGLE LLC-LEBANON
15,32496,GREAT RIVERS DIST
17,22450,MISSOURI EAGLE
18,50363,C & C DISTRIBUTORS INC
19,42470,LUECKE DISTRIBUTING
20,32466,MISSOURI EAGLE
21,32459,MISSOURI EAGLE LLC-LEBANON
22,93500,ANHEUSER-BUSCH SALES OF OK
23,61754,MARSALA BEVERAGE
25,32437,GOLDEN EAGLE DISTRIBUTING
26,31549,OMALLEY BEVERAGE OF KS
27,22423,MULLALLY DISTRIBUTING
28,93500,ANHEUSER-BUSCH SALES OF OK
29,42446,N H SCHEPPERS
30,42483,BOB RALPH DISTRIBUTION
31,13561,BELLE POINT BEV INC
34,32466,MISSOURI EAGLE
35,91541,FLINT HILLS BEVERAGE
37,22432,SOARING EAGLE DISTRIBUTING
38,83516,ED F DAVIS
39,31566,CRAWFORD SALES COMPANY
40,12448,GOLDEN EAGLE DISTRIBUTING
41,93500,ANHEUSER-BUSCH SALES OF OK
42,31507,DEMO DISTRIBUTORS INC
43,91541,FLINT HILLS BEVERAGE
46,32486,WIL FISCHER DISTRIBUTING
47,13561,BELLE POINT BEV INC
48,22450,MISSOURI EAGLE
49,83516,ED F DAVIS
50,93500,ANHEUSER-BUSCH SALES OF OK
51,42446,N H SCHEPPERS
52,338,COCO BEVERAGE
54,10327,MCBRIDE DISTRIBUTING
56,32496,GREAT RIVERS DIST
59,22450,MISSOURI EAGLE
60,32465,KREY DISTRIBUTING COMPANY
61,42482,COUNTY DISTRIBUTING
62,50397,ARKANSAS DISTRIBUTING
63,93500,ANHEUSER-BUSCH SALES OF OK
64,54139,CENTRAL DISTRIBUTORS
65,22423,MULLALLY DISTRIBUTING
68,50397,ARKANSAS DISTRIBUTING
69,22442,H W HERRELL DISTRIBUTING
70,50397,ARKANSAS DISTRIBUTING
72,21525,EAGLE BEVERAGE CORPORATION
73,93500,ANHEUSER-BUSCH SALES OF OK
74,50397,ARKANSAS DISTRIBUTING
76,10327,MCBRIDE DISTRIBUTING
77,34206,BROWN DISTRIBUTING
78,32486,WIL FISCHER DISTRIBUTING
79,22450,MISSOURI EAGLE
80,42411,N H SCHEPPERS
81,23559,A & B DISTRIBUTORS
82,42471,RIVER EAGLE DISTRIBUTING
83,60320,HEPCO INC
85,350,GOLDEN EAGLE OF ARKANSAS INC
86,32486,WIL FISCHER DISTRIBUTING
88,32496,GREAT RIVERS DIST
89,32459,MISSOURI EAGLE LLC-LEBANON
90,93500,ANHEUSER-BUSCH SALES OF OK
91,50397,ARKANSAS DISTRIBUTING
92,22450,MISSOURI EAGLE
93,54121,CLARK DISTRIBUTING
94,54153,BUD OF MEMPHIS
95,22432,SOARING EAGLE DISTRIBUTING
96,32441,COUNTY BEVERAGE
97,54121,CLARK DISTRIBUTING
98,61754,MARSALA BEVERAGE
99,22438,GREY EAGLE DISTRIBUTORS
100,20359,A&B DIST INC OF NWA
101,22423,MULLALLY DISTRIBUTING
102,380,LUDWIG DISTRIBUTING
103,3555,ANHEUSER-BUSCH SALES OF OK - OKC
104,54121,CLARK DISTRIBUTING
106,41668,GOLDEN EAGLE DISTRIBUTING
107,54149,VOLUNTEER DISTRIBUTING
108,3555,ANHEUSER-BUSCH SALES OF OK - OKC
109,32479,OMALLEY BEVERAGE
111,21525,EAGLE BEVERAGE CORPORATION
112,2316,MITCHELL DISTRIBUTING-COLUMBUS
113,3555,ANHEUSER-BUSCH SALES OF OK - OKC
115,2316,MITCHELL DISTRIBUTING-COLUMBUS
120,54121,CLARK DISTRIBUTING
121,23559,A & B DISTRIBUTORS
122,42471,RIVER EAGLE DISTRIBUTING
123,3555,ANHEUSER-BUSCH SALES OF OK - OKC
124,350,GOLDEN EAGLE OF ARKANSAS
125,90331,BELLE POINT BEVERAGES
126,350,GOLDEN EAGLE OF ARKANSAS
129,3555,ANHEUSER-BUSCH SALES OF OK - OKC
130,23559,A & B DISTRIBUTORS
132,3555,ANHEUSER-BUSCH SALES OF OK - OKC
134,3555,ANHEUSER-BUSCH SALES OF OK - OKC
135,32479,OMALLEY BEVERAGE
137,3555,ANHEUSER-BUSCH SALES OF OK - OKC
138,32486,WIL FISCHER DISTRIBUTING
139,3555,ANHEUSER-BUSCH SALES OF OK - OKC
140,94285,STEVENSON BEER DISTRIBUTING
144,10327,MCBRIDE DISTRIBUTING
145,32437,GOLDEN EAGLE DISTRIBUTING
146,84245,R & K DISTRIBUTORS INC
147,64230,BEN E KEITH
148,64230,BEN E KEITH
149,61754,MARSALA BEVERAGE
150,3555,ANHEUSER-BUSCH SALES OF OK - OKC
151,23559,A & B DISTRIBUTORS
152,22442,H W HERRELL DISTRIBUTING
155,52311,A&B DISTRIBUTING
158,64230,BEN E KEITH COMPANY
159,42411,N H SCHEPPERS
160,50397,ARKANSAS DISTRIBUTING
161,54149,VOLUNTEER DISTRIBUTING
162,3555,ANHEUSER-BUSCH SALES OF OK - OKC
163,84257,R & K DISTRIBUTORS
165,84257,R & K DISTRIBUTORS
166,32496,GREAT RIVERS DIST
168,93500,ANHEUSER-BUSCH SALES OF OK
170,81755,EAGLE DIST OF SHREVEPORT
171,60315,CAMDEN WHOLESALE
172,22438,GREY EAGLE DISTRIBUTORS
173,22432,SOARING EAGLE DISTRIBUTING
174,10903,CARROLL DISTRIBUTING
175,54153,BUD OF MEMPHIS
177,54149,VOLUNTEER DISTRIBUTING
178,3555,ANHEUSER-BUSCH SALES OF OK - OKC
179,32486,WIL FISCHER DISTRIBUTING
180,84257,R & K DISTRIBUTORS
182,62329,MITCHELL DELTA DISTRIBUTING
183,12362,MITCHELL DISTRIBUTING
184,32441,COUNTY BEVERAGE
185,64247,BEN E KEITH
186,11520,DEMO DISTRIBUTORS
188,42471,RIVER EAGLE DISTRIBUTING
189,12448,GOLDEN EAGLE DISTRIBUTING
190,52410,BRADLEY DISTRIBUTING
192,4163,AJAX TURNER
194,94213,WISMER DISTRIBUTING
195,32464,NORTH K C BEVERAGE
196,21261,VENEGONI DISTRIBUTING
197,81236,G & M DISTRIBUTORS
198,21221,DONNEWALD DISTRIBUTING
199,21214,CITY BEVERAGE
200,51245,A GAUDIO & SONS
201,21228,ILLINOIS DISTRIBUTING
203,32408,KINKHORST BRUNSWICK
204,1638,BUDWEISER OF HOPKINSVILLE
205,12362,MITCHELL DISTRIBUTING
206,64221,BEN E KEITH
207,93500,ANHEUSER-BUSCH SALES OF OK
211,64295,BEN E KEITH
212,3555,ANHEUSER-BUSCH SALES OF OK - OKC
213,51265,RONCHETTI DISTRIBUTING
214,44207,DEL PAPA DISTRIBUTING
217,64247,BEN E KEITH
218,54139,CENTRAL DISTRIBUTORS
219,42482,COUNTY DISTRIBUTING
220,64225,BEN E KEITH
221,3555,ANHEUSER-BUSCH SALES OF OK - OKC
222,21261,VENEGONI DISTRIBUTING
225,3555,ANHEUSER-BUSCH SALES OF OK - OKC
227,3555,ANHEUSER-BUSCH SALES OF OK - OKC
228,64225,BEN E KEITH
231,83516,ED F DAVIS
233,21261,VENEGONI DISTRIBUTING
234,32464,NORTH K C BEVERAGE
236,94285,STEVENSON BEER DISTRIBUTING
237,41240,GOLDEN EAGLE DISTRIBUTING
238,4173,CARDIN DISTRIBUTING
239,12398,SOUTHERN BEVERAGE
240,64230,BEN E KEITH
242,31566,CRAWFORD SALES COMPANY
243,32465,KREY DISTRIBUTING COMPANY
244,81755,EAGLE DIST OF SHREVEPORT
246,93500,ANHEUSER-BUSCH SALES OF OK
248,64259,BEN E KEITH
249,44207,DEL PAPA DISTRIBUTING
250,42482,COUNTY DISTRIBUTING
251,84245,R & K DISTRIBUTORS
252,31225,B & G VENEGONI DIST
253,21221,DONNEWALD DISTRIBUTING
256,21221,DONNEWALD DISTRIBUTING
257,31636,EDWARD UTLEY JR
258,2317,MITCHELL DISTRIBUTING - TUPELO
259,64230,BEN E KEITH
260,64221,BEN E KEITH
261,338,COCO BEVERAGE
262,41240,GOLDEN EAGLE DISTRIBUTING
264,4109,BUD OF CLARKSVILLE
265,64230,BEN E KEITH
266,64225,BEN E KEITH
267,22450,MISSOURI EAGLE
268,4173,CARDIN DISTRIBUTING
269,3555,ANHEUSER-BUSCH SALES OF OK - OKC
271,74298,FALLS DISTRIBUTING
272,4163,AJAX TURNER
275,94285,STEVENSON BEER DISTRIBUTING
276,23559,A & B DISTRIBUTORS
277,3555,ANHEUSER-BUSCH SALES OF OK - OKC
278,81774,EAGLE DIST OF SHREVEPORT
280,64287,JACK HILLIARD DIST
282,1638,BUDWEISER OF HOPKINSVILLE
284,64225,BEN E KEITH
285,94285,STEVENSON BEER DISTRIBUTING
286,64221,BEN E KEITH
287,10121,BIRMINGHAM BUD DISTRIBUTING
288,94285,STEVENSON BEER DISTRIBUTING
292,34206,BROWN DISTRIBUTING
294,1638,BUDWEISER OF HOPKINSVILLE
295,22438,GREY EAGLE DISTRIBUTORS
297,94216,SILVER EAGLE DISTRIBUTING
298,10121,BIRMINGHAM BUD DISTRIBUTING
299,1605,J B DISTRIBUTORS
300,10102,BAMA BUDWEISER OF ANNISTON
301,10139,GADSDEN BUD DISTR CO INC
302,21261,VENEGONI DISTRIBUTING
303,52311,A&B DISTRIBUTING
304,4109,BUD OF CLARKSVILLE
305,12344,SOUTHERN BEVERAGE
306,10139,GADSDEN BUD DISTR CO INC
307,61754,MARSALA BEVERAGE
308,4193,L & H DISTRIBUTING
309,41732,SCHILLING DISTRIBUTING
310,41732,SCHILLING DISTRIBUTING
312,21703,SOUTHWEST BEVERAGE
313,22442,H W HERRELL DISTRIBUTING
314,4193,L & H DISTRIBUTING
315,10121,BIRMINGHAM BUD DIST CO INC
316,10139,GADSDEN BUD DISTR CO INC
318,338,COCO BEVERAGE
319,32441,COUNTY BEVERAGE
321,94211,MIKE HOPKINS
322,64210,JACK HILLIARD DIST
324,23559,A & B DISTRIBUTORS
325,32464,NORTH K C BEVERAGE
328,21228,ILLINOIS DISTRIBUTING
329,10102,BAMA BUDWEISER OF ANNISTON
330,54294,DEL PAPA DISTRIBUTING
331,51733,SOUTHWEST BEVERAGE
332,10143,TURNER BEVERAGE
334,21221,DONNEWALD DISTRIBUTING
335,54139,CENTRAL DISTRIBUTORS
337,22432,SOARING EAGLE DISTRIBUTING
338,32466,MISSOURI EAGLE
340,23559,A & B DISTRIBUTORS
341,1577,SENECA WHOLESALE
342,1577,SENECA WHOLESALE
343,61292,GAGNE DISTRIBUTING
344,54294,DEL PAPA DISTRIBUTING
345,64259,BEN E KEITH
346,11520,DEMO DISTRIBUTORS
347,62329,MITCHELL DELTA DISTRIBUTING
350,62630,H & H DISTRIBUTING
354,22423,MULLALLY DISTRIBUTING
355,177,ADAMS BEVERAGES
356,177,ADAMS BEVERAGES
357,42482,COUNTY DISTRIBUTING
359,10327,MCBRIDE DISTRIBUTING
360,93500,ANHEUSER-BUSCH SALES OF OK
361,21228,ILLINOIS DISTRIBUTING
362,10125,SHOALS DISTRIBUTING
363,32408,KINKHORST BRUNSWICK
364,84257,R & K DISTRIBUTORS
365,12344,SOUTHERN BEVERAGE
366,64115,TARVER DISTRIBUTING
368,21525,EAGLE BEVERAGE CORPORATION
369,11503,ARK VALLEY DISTRIBUTING
370,11503,ARK VALLEY DISTRIBUTING
371,64225,BEN E KEITH
372,81529,WESTERN BEVERAGE
374,93500,ANHEUSER-BUSCH SALES OF OK
376,81774,EAGLE DIST OF SHREVEPORT
379,32486,WIL FISCHER DISTRIBUTING
381,64287,JACK HILLIARD DIST
382,31549,OMALLEY BEVERAGE OF KS
383,44207,DEL PAPA DISTRIBUTING
384,44207,DEL PAPA DISTRIBUTING
386,51733,SOUTHWEST BEVERAGE
387,3555,ANHEUSER-BUSCH SALES OF OK - OKC
388,90331,BELLE POINT BEVERAGES
389,3555,ANHEUSER-BUSCH SALES OF OK - OKC
390,4109,BUD OF CLARKSVILLE
391,2317,MITCHELL DISTRIBUTING - TUPELO
392,3555,ANHEUSER-BUSCH SALES OF OK - OKC
393,54139,CENTRAL DISTRIBUTORS
394,10126,VALLEY BUDWEISER
395,94233,L & F DISTRIBUTORS
396,53929,BUD OF GREENVILLE
397,94233,L & F DISTRIBUTORS
398,84245,R & K DISTRIBUTORS
399,84245,R & K DISTRIBUTORS
400,94216,SILVER EAGLE DISTRIBUTING
401,31712,MOCKLER BEVERAGE
402,41732,SCHILLING DISTRIBUTING
403,10125,SHOALS DISTRIBUTING
404,34206,BROWN DISTRIBUTING
405,21736,SOUTHWEST BEVERAGE
406,4163,AJAX TURNER
407,64287,JACK HILLIARD DIST
408,44207,DEL PAPA DISTRIBUTING
409,10126,VALLEY BUDWEISER
410,41668,GOLDEN EAGLE DISTRIBUTING
412,64259,BEN E KEITH
413,94239,L & F DISTRIBUTORS
414,74298,FALLS DISTRIBUTING
415,41732,SCHILLING DISTRIBUTING
416,4163,AJAX TURNER CO INC
417,84245,R & K DISTRIBUTORS
418,62630,H & H DISTRIBUTING
419,11538,CITY BEVERAGE
420,74298,FALLS DISTRIBUTING
421,64247,BEN E KEITH
423,10168,BAMA BUDWEISER OF SYLACAUGA
424,10168,BAMA BUDWEISER OF SYLACAUGA
425,10194,GREENE BEVERAGE
426,64247,BEN E KEITH
427,64230,BEN E KEITH
428,31712,MOCKLER BEVERAGE
429,94233,L & F DISTRIBUTORS
431,41668,GOLDEN EAGLE DISTRIBUTING
432,10168,BAMA BUDWEISER OF SYLACAUGA
433,10143,TURNER BEVERAGE
434,10143,TURNER BEVERAGE
435,21221,DONNEWALD DISTRIBUTING
436,21221,DONNEWALD DISTRIBUTING
437,94211,MIKE HOPKINS
440,54215,L & F DIST OF CORPUS CHRISTI
442,54215,L & F DIST OF CORPUS CHRISTI
443,44276,SILVER EAGLE DISTRIBUTORS
444,32486,WIL FISCHER DISTRIBUTING
447,44276,SILVER EAGLE DISTRIBUTORS
448,81774,EAGLE DIST OF SHREVEPORT
449,44207,DEL PAPA DISTRIBUTING
450,81774,EAGLE DIST OF SHREVEPORT
451,42411,N H SCHEPPERS
452,94233,L & F DISTRIBUTORS
456,94239,L & F DISTRIBUTORS
458,54215,L & F DIST OF CORPUS CHRISTI
459,71008,LEON FARMER & COMPANY
461,44276,SILVER EAGLE DISTRIBUTORS
462,94231,DEL PAPA DISTRIBUTING
463,54209,L & F DISTRIBUTING
464,54215,L & F DIST OF CORPUS CHRISTI
465,44276,SILVER EAGLE DISTRIBUTORS
466,54139,CENTRAL DISTRIBUTORS
467,64247,BEN E KEITH
468,10388,EAGLE DIST OF TEXARKANA
469,51733,SOUTHWEST BEVERAGE
470,54215,L & F DIST OF CORPUS CHRISTI
471,64221,BEN E KEITH
472,93500,ANHEUSER-BUSCH SALES OF OK
475,34206,BROWN DISTRIBUTING
476,64287,JACK HILLIARD DIST
477,64113,BUD OF CHATTANOOGA
479,3555,ANHEUSER-BUSCH SALES OF OK - OKC
481,51264,RONCHETTI DISTRIBUTING
483,30166,BAMA BUD OF MONTGOMERY
484,31549,OMALLEY BEVERAGE OF KS
485,31712,MOCKLER BEVERAGE
486,31545,SCHATZ DISTRIBUTING
488,30958,TRI-EAGLE SALES
489,71702,CHAMPAGNE BEVERAGE
490,54215,L & F DIST OF CORPUS CHRISTI
491,41668,GOLDEN EAGLE DISTRIBUTING
492,31325,WORKING DISTRIBUTORS
493,91646,KENTUCKY EAGLE BEER
494,81049,LA GRANGE GROCERY
495,2316,MITCHELL DISTRIBUTING-COLUMBUS
498,61720,MARSALA BEVERAGE
499,3555,ANHEUSER-BUSCH SALES OF OK - OKC
500,44223,L & F DISTRIBUTORS
501,12340,SOUTHERN BEVERAGE
502,71741,BUQUET DISTRIBUTING
504,94231,DEL PAPA DISTRIBUTING
505,51733,SOUTHWEST BEVERAGE
506,21221,DONNEWALD DISTRIBUTING
507,53929,BUD OF GREENVILLE
508,34254,BEN E KEITH
510,71027,LEON FARMER & COMPANY
511,43975,H & S WHOLESALERS
512,44223,L & F DISTRIBUTORS
513,34271,STANDARD SALES
514,93901,A B BEVERAGE
515,23205,BUDWEISER OF SYLVA
516,64259,BEN E KEITH
517,3555,ANHEUSER-BUSCH SALES OF OK - OKC
518,81018,EAGLE ROCK DISTRIBUTING
520,71008,LEON FARMER & COMPANY
521,51733,SOUTHWEST BEVERAGE
522,94213,WISMER DISTRIBUTING
523,84257,R & K DISTRIBUTORS INC
524,54209,L & F DISTRIBUTING
526,11600,ANHEUSER-BUSCH
527,94231,DEL PAPA DISTRIBUTING
528,40940,GOLD COAST EAGLE
529,94231,DEL PAPA DISTRIBUTING
530,60320,HEPCO
531,41732,SCHILLING DISTRIBUTING
532,31712,MOCKLER BEVERAGE
533,41732,SCHILLING DISTRIBUTING
534,41732,SCHILLING DISTRIBUTING
535,64242,BEN E KEITH
536,64242,BEN E KEITH
537,24264,STANDARD SALES
538,90913,BURKHARDT SALES AND SERVICE
539,21703,SOUTHWEST BEVERAGE
540,71741,BUQUET DISTRIBUTING
541,71702,CHAMPAGNE BEVERAGE
542,71741,BUQUET DISTRIBUTING
543,41732,SCHILLING DISTRIBUTING
544,3555,ANHEUSER-BUSCH SALES OF OK - OKC
546,94224,SILVER EAGLE DISTRIBUTING
547,40908,PEPIN DISTRIBUTING
548,81018,EAGLE ROCK DISTRIBUTING
549,13072,L&F DISTRIBUTORS LTD
551,90927,BURKHARDT SALES AND SERVICE
553,71702,CHAMPAGNE BEVERAGE
555,11056,BIBB DISTRIBUTING
556,91094,SOUTHERN EAGLE DIST
557,1563,MUSSATTO BROS
558,91575,VIDRICKSEN DISTRIBUTING
559,71430,VANGUARD DISTRIBUTING
560,32479,OMALLEY BEVERAGE
561,64242,BEN E KEITH
562,10121,BIRMINGHAM BUD DISTRIBUTING
563,10906,DAYTONA BEVERAGES
564,3555,ANHEUSER-BUSCH SALES OF OK - OKC
565,64259,BEN E KEITH
566,31325,WORKING DISTRIBUTORS
568,4110,BUD OF COOKEVILLE
571,91646,KENTUCKY EAGLE BEER
572,84245,R & K DISTRIBUTORS
573,32441,COUNTY BEVERAGE
574,43926,BETTER BRANDS
575,81018,EAGLE ROCK DISTRIBUTING
576,93500,ANHEUSER-BUSCH SALES OF OK
577,31566,CRAWFORD SALES COMPANY
578,84146,EAGLE DISTRIBUTING
579,90927,BURKHARDT SALES AND SERVICE
580,40919,BERNIE LITTLE DISTRIBUTORS
581,81431,DOLL DISTRIBUTING
582,10906,DAYTONA BEVERAGES
583,84146,EAGLE DISTRIBUTING
585,33917,B & B DISTRIBUTORS
586,43926,BETTER BRANDS
587,4110,BUD OF COOKEVILLE
588,61003,ALBANY BEVERAGE
589,11600,ANHEUSER-BUSCH
590,64225,BEN E KEITH
591,53929,BUD OF GREENVILLE
592,11597,THE HOUSE OF SCHWAN
593,61025,SOUTHERN EAGLE DIST
594,81049,LA GRANGE GROCERY
595,94239,L & F DISTRIBUTORS
597,94262,SILVER EAGLE DIST LP - CYPRESS
598,62630,H & H DISTRIBUTING
599,74142,HOLSTON DISTRIBUTING
600,24202,BUDWEISER DISTRIBUTING
601,34271,STANDARD SALES
602,94216,SILVER EAGLE DISTRIBUTING
603,21270,BREWERS DISTRIBUTING
604,30134,ADAMS BEVERAGES
605,21075,SOUTHERN EAGLE DIST
608,24264,STANDARD SALES
609,32437,GOLDEN EAGLE DISTRIBUTING
610,64225,BEN E KEITH
611,13072,L&F DISTRIBUTORS LTD
612,51264,RONCHETTI DISTRIBUTING
613,10906,DAYTONA BEVERAGES
614,81049,LA GRANGE GROCERY
615,61014,EAGLE ROCK OF DALTON
616,33979,ORANGEBURG DISTRIBUTORS
618,81019,ATLANTA BEVERAGE CO GGP
619,64113,BUD OF CHATTANOOGA
620,74142,HOLSTON DISTRIBUTING
621,43925,CROWN BEVERAGES
622,3555,ANHEUSER-BUSCH SALES OF OK - OKC
623,70911,SUNCOAST BEVERAGE SALES
624,33916,K W ASSOCIATES
625,43926,BETTER BRANDS
627,43925,CROWN BEVERAGES
628,23912,SOUTHERN EAGLE OF SC
629,53978,BUDWEISER OF SPARTANBURG
630,43925,CROWN BEVERAGES
631,53929,BUD OF GREENVILLE
632,23912,SOUTHERN EAGLE OF SC
633,81236,G & M DISTRIBUTORS
634,33916,K W ASSOCIATES
635,21075,SOUTHERN EAGLE DIST
636,41231,L R B DISTRIBUTORS
637,62630,H & H DISTRIBUTING
638,53978,BUDWEISER OF SPARTANBURG
639,91009,SOUTHERN EAGLE DIST
640,53929,BUD OF GREENVILLE
641,53929,BUD OF GREENVILLE
642,43925,CROWN BEVERAGES
643,43926,BETTER BRANDS
644,53929,BUD OF GREENVILLE
645,22659,NORFOLK BEVERAGE
646,61413,7G DISTRIBUTING
647,81431,DOLL DISTRIBUTING
648,32465,KREY DISTRIBUTING COMPANY
649,10903,CARROLL DISTRIBUTING
651,44207,DEL PAPA DISTRIBUTING
652,81529,WESTERN BEVERAGE
653,1638,BUDWEISER OF HOPKINSVILLE
655,1638,BUDWEISER OF HOPKINSVILLE
656,4193,L & H DISTRIBUTING
657,4110,BUD OF COOKEVILLE
658,61014,EAGLE ROCK OF DALTON
659,4163,AJAX TURNER
660,10125,SHOALS DISTRIBUTING
661,10143,TURNER BEVERAGE
662,10126,VALLEY BUDWEISER
663,64115,TARVER DISTRIBUTING
664,81535,WESTERN BEVERAGE
666,40920,BERNIE LITTLE DIST INC-SEBRIN
667,4193,L & H DISTRIBUTING
668,4193,L & H DISTRIBUTING
669,61014,EAGLE ROCK OF DALTON
670,10121,BIRMINGHAM BUD DISTRIBUTING
671,4163,AJAX TURNER
672,84146,EAGLE DISTRIBUTING
673,4109,BUD OF CLARKSVILLE
674,4109,BUD OF CLARKSVILLE
675,54149,VOLUNTEER DISTRIBUTING
676,84146,EAGLE DISTRIBUTING
677,54121,CLARK DISTRIBUTING
678,1577,SENECA WHOLESALE CO INC
680,74142,HOLSTON DISTRIBUTING
681,10139,GADSDEN BUD DISTR CO INC
682,4163,AJAX TURNER
683,4173,CARDIN DISTRIBUTING
684,54139,CENTRAL DISTRIBUTORS
685,84146,EAGLE DISTRIBUTING
686,61025,SOUTHERN EAGLE DIST
687,4110,BUD OF COOKEVILLE
688,4163,AJAX TURNER
689,91646,KENTUCKY EAGLE BEER
690,74142,HOLSTON DISTRIBUTING
691,10143,TURNER BEVERAGE
692,53929,BUD OF GREENVILLE
694,31636,EDWARD UTLEY JR
697,30958,TRI-EAGLE SALES
698,64115,TARVER DISTRIBUTING
699,52311,A&B DISTRIBUTING
700,30183,BAMA BUD OF SELMA
701,31666,BUDWEISER OF OWENSBORO
702,53929,BUD OF GREENVILLE
703,94262,SILVER EAGLE DIST LP - CYPRESS
705,20922,WAYNE DENSCH
706,40908,PEPIN DISTRIBUTING
707,52310,SOUTHERN BEVERAGE CO INC
708,12390,SOUTHERN BEVERAGE
709,11600,ANHEUSER-BUSCH
710,4163,AJAX TURNER
712,10143,TURNER BEVERAGE
714,380,LUDWIG DISTRIBUTING
715,10194,GREENE BEVERAGE
716,52331,DELTA DISTRIBUTING
718,40919,BERNIE LITTLE DISTRIBUTORS
719,53929,BUD OF GREENVILLE
720,81617,CHAS. SELIGMAN DISTRIBUTING
721,40925,PEACE RIVER DISTRIBUTING
722,81004,ATLANTA BEVERAGE
723,30192,HORN BEVERAGE COMPANY
724,84146,EAGLE DISTRIBUTING
725,40919,BERNIE LITTLE DISTRIBUTORS
726,177,ADAMS BEVERAGES
727,61014,EAGLE ROCK OF DALTON
728,23912,SOUTHERN EAGLE OF SC
729,1603,SMITH BROTHERS
730,10168,BAMA BUDWEISER OF SYLACAUGA
731,10194,GREENE BEVERAGE
733,80155,D/B/A ROYAL BEVERAGE CO
734,30134,ADAMS BEVERAGES
735,4193,L & H DISTRIBUTING
736,1638,BUDWEISER OF HOPKINSVILLE
737,4193,L & H DISTRIBUTING
738,54149,VOLUNTEER DISTRIBUTING
740,30134,ADAMS BEVERAGES
741,84146,EAGLE DISTRIBUTING
742,74142,HOLSTON DISTRIBUTING
743,3555,ANHEUSER-BUSCH SALES OF OK - OKC
744,94240,SILVER EAGLE DISTRIBUTORS
745,91029,ATLANTA BEVERAGE CO - GRIFFIN
746,64287,JACK HILLIARD DIST
748,81431,DOLL DISTRIBUTING
750,61491,FAHR BEVERAGE
751,81431,DOLL DISTRIBUTING
752,94240,SILVER EAGLE DISTRIBUTORS
753,61491,FAHR BEVERAGE
754,21052,SOUTHERN EAGLE DIST
755,24202,BUDWEISER DISTRIBUTING
756,61014,EAGLE ROCK OF DALTON
757,44276,SILVER EAGLE DISTRIBUTORS
758,61003,ALBANY BEVERAGE
759,40920,BERNIE LITTLE DIST INC-SEBRIN
761,71741,BUQUET DISTRIBUTING
762,10121,BIRMINGHAM BUD DISTRIBUTING
763,10121,BIRMINGHAM BUD DISTRIBUTING
764,10121,BIRMINGHAM BUD DISTRIBUTING
765,44276,SILVER EAGLE DISTRIBUTORS
766,10125,SHOALS DISTRIBUTING
767,70923,NORTH FLORIDA SALES
768,94262,SILVER EAGLE DIST LP - CYPRESS
769,40940,GOLD COAST EAGLE
770,81529,WESTERN BEVERAGE
771,10903,CARROLL DISTRIBUTING
772,94224,SILVER EAGLE DISTRIBUTING
773,21703,SOUTHWEST BEVERAGE
774,72626,EAGLE DISTRIBUTING
775,81236,G & M DISTRIBUTORS
776,72626,EAGLE DISTRIBUTING
777,44207,DEL PAPA DISTRIBUTING
778,40925,PEACE RIVER DISTRIBUTING
779,40919,BERNIE LITTLE DISTRIBUTORS
780,71008,LEON FARMER & COMPANY
781,34254,BEN E KEITH
782,44276,SILVER EAGLE DISTRIBUTORS
784,11468,GOLDEN EAGLE DIST
785,12340,SOUTHERN BEVERAGE
786,11209,SUPERIOR BEVERAGE
786,11209,SUPERIOR BEVERAGE INC
787,81004,ATLANTA BEVERAGE
789,64221,BEN E KEITH
790,62663,SANDHILLS DISTRIBUTING
791,54215,L & F DIST OF CORPUS CHRISTI
793,24202,BUDWEISER DISTRIBUTING
794,11538,CITY BEVERAGE
795,93901,A B BEVERAGE
796,11206,CITY BEVERAGE MARKHAM
797,11468,GOLDEN EAGLE DIST
798,51227,EARL GAUDIO & SON
799,81529,WESTERN BEVERAGE
800,20922,WAYNE DENSCH
801,32479,OMALLEY BEVERAGE
802,34854,WISCONSIN DISTRIBUTORS
803,71702,CHAMPAGNE BEVERAGE
804,64225,BEN E KEITH
805,22438,GREY EAGLE DISTRIBUTORS
806,3044,PREMIER DISTRIBUTING
807,64225,BEN E KEITH
808,94231,DEL PAPA DISTRIBUTING
809,10102,BAMA BUDWEISER OF ANNISTON
810,1461,KABRICK DIST CO MASON CITY
811,40925,PEACE RIVER DISTRIBUTING
812,24202,BUDWEISER DISTRIBUTING
813,34254,BEN E KEITH
814,40920,BERNIE LITTLE DIST INC-SEBRIN
815,32459,MISSOURI EAGLE LLC-LEBANON
816,32352,SOUTHWEST DISTRIBUTORS
817,10922,CITY BEVERAGES
818,20948,THE LEWIS BEAR COMPANY
819,70911,SUNCOAST BEVERAGE SALES
820,42482,COUNTY DISTRIBUTING
821,3010,PREMIER DISTRIBUTING
822,24202,BUDWEISER DISTRIBUTING
823,3555,ANHEUSER-BUSCH SALES OF OK - OKC
824,3001,PREMIER DISTRIBUTING
826,3023,PREMIER DISTRIBUTING
828,51341,ZINK DISTRIBUTING
834,32479,OMALLEY BEVERAGE
835,3001,PREMIER DISTRIBUTING
836,91009,SOUTHERN EAGLE DIST
838,93500,ANHEUSER-BUSCH SALES OF OK
839,31712,MOCKLER BEVERAGE
842,50512,STANDARD SALES CO-PUEBLO
843,61003,ALBANY BEVERAGE
847,34854,WISCONSIN DISTRIBUTORS
848,52311,A&B DISTRIBUTING
849,94262,SILVER EAGLE DIST LP - CYPRESS
850,3001,PREMIER DISTRIBUTING
851,13072,L&F DISTRIBUTORS LTD
852,11206,CITY BEVERAGE MARKHAM
853,20161,BUDWEISER-BUSCH DIST
854,51338,BOONE BEVERAGE
855,81004,ATLANTA BEVERAGE
856,81019,ATLANTA BEVERAGE CO GGP
857,20922,WAYNE DENSCH
858,61003,ALBANY BEVERAGE
859,40919,BERNIE LITTLE DISTRIBUTORS
860,10906,DAYTONA BEVERAGES
861,14267,STANDARD SALES CO LP - LUBBOCK
862,91094,SOUTHERN EAGLE DIST
863,80155,D/B/A ROYAL BEVERAGE CO
864,21052,SOUTHERN EAGLE DIST
865,44266,TRI-CITY DISTRIBUTORS
866,20161,BUDWEISER-BUSCH DIST
867,32682,HIGH PLAINS BUDWEISER
868,13072,L&F DISTRIBUTORS LTD
869,50520,STANDARD SALES CO-ALAMOSA
870,31301,HEDINGER BEVERAGE
872,94231,DEL PAPA DISTRIBUTING
874,32366,SOUTHWEST DISTRIBUTORS
875,12344,SOUTHERN BEVERAGE
876,21736,SOUTHWEST BEVERAGE
877,33213,"ADAMS BEVERAGES OF NC, LLC "
878,71027,LEON FARMER & COMPANY
879,4110,BUD OF COOKEVILLE
880,64221,BEN E KEITH
881,33916,K W ASSOCIATES
882,34854,WISCONSIN DISTRIBUTORS
883,94239,L & F DISTRIBUTORS
884,11356,NORTH VERNON BEVERAGE
885,72648,DOUBLE EAGLE BEVERAGE
886,91437,HUMES DISTRIBUTING
887,12339,SOUTHERN BEVERAGE
888,32466,MISSOURI EAGLE
889,31090,JOHNSON DISTRIBUTING
890,10922,CITY BEVERAGES
891,41231,L R B DISTRIBUTORS
892,81431,DOLL DISTRIBUTING
894,93500,ANHEUSER-BUSCH SALES OF OK
896,64225,BEN E KEITH
897,24263,L & F DISTRIBUTORS LLC ALPINE
899,31090,JOHNSON DISTRIBUTING
900,74298,FALLS DISTRIBUTING
901,44266,TRI-CITY DISTRIBUTORS
902,81394,DEVER DISTRIBUTING
903,12344,SOUTHERN BEVERAGE
904,20162,BUDWEISER-BUSCH DIST
905,60518,AMERICAN EAGLE DISTRIBUTING
906,3035,PREMIER DISTRIBUTING
907,91029,ATLANTA BEVERAGE CO - GRIFFIN
908,10922,CITY BEVERAGES
909,61738,SOUTHERN EAGLE SALES & SERVICE
910,44856,BEECHWOOD SALES & SERVICE
911,61738,SOUTHERN EAGLE SALES & SERVICE
912,61738,SOUTHERN EAGLE SALES
913,61407,BEMISS DISTRIBUTING
914,22450,MISSOURI EAGLE
915,94224,SILVER EAGLE DISTRIBUTING
916,12339,SOUTHERN BEVERAGE
917,34254,BEN E KEITH
918,84245,R & K DISTRIBUTORS
919,20950,THE LEWIS BEAR COMPANY
921,50520,STANDARD SALES CO-ALAMOSA
922,31301,HEDINGER BEVERAGE
923,51397,TERRANCE A SMITH
924,60518,AMERICAN EAGLE DISTRIBUTING
927,24202,BUDWEISER DISTRIBUTING
929,40979,SOUTHERN EAGLE
930,30166,BAMA BUD OF MONTGOMERY
931,40979,SOUTHERN EAGLE
932,91029,ATLANTA BEVERAGE CO - GRIFFIN
933,41231,L R B DISTRIBUTORS
934,20162,BUDWEISER-BUSCH DIST
935,71702,CHAMPAGNE BEVERAGE
936,21221,DONNEWALD DISTRIBUTING
937,81019,ATLANTA BEVERAGE CO GGP
938,30166,BAMA BUD OF MONTGOMERY
939,64295,BEN E KEITH
940,64225,BEN E KEITH
942,10922,CITY BEVERAGES
943,20922,WAYNE DENSCH
944,20950,THE LEWIS BEAR COMPANY
945,14267,STANDARD SALES CO LP - LUBBOCK
947,64230,BEN E KEITH
948,33237,THE BEST OF BEERS
949,64221,BEN E KEITH
950,54153,BUD OF MEMPHIS
953,60518,AMERICAN EAGLE DISTRIBUTING
954,12344,SOUTHERN BEVERAGE
955,10922,CITY BEVERAGES
958,34854,WISCONSIN DISTRIBUTORS
959,30958,TRI-EAGLE SALES
960,30958,TRI-EAGLE SALES
961,61738,SOUTHERN EAGLE SALES & SERVICE
962,50512,STANDARD SALES CO-PUEBLO
963,64225,BEN E KEITH
964,44223,L & F DISTRIBUTORS
965,34848,S & S DISTRIBUTING
966,515,STANDARD SALES - DURANGO
967,40915,GREAT BAY DISTRIBUTORS
968,40919,BERNIE LITTLE DISTRIBUTORS
969,22303,REX DISTRIBUTING
970,22303,REX DISTRIBUTING
971,34848,S & S DISTRIBUTING
972,64225,BEN E KEITH
973,40979,SOUTHERN EAGLE
974,10903,CARROLL DISTRIBUTING
975,83516,ED F DAVIS
976,61754,MARSALA BEVERAGE
978,11503,ARK VALLEY DISTRIBUTING
979,34848,UTED
980,60518,AMERICAN EAGLE DISTRIBUTING
981,12362,MITCHELL DISTRIBUTING
982,62220,COLLEGE CITY BEVERAGE
984,60521,STANDARD SALES CO LP-LITTLETON
985,11468,GOLDEN EAGLE DIST
987,70911,SUNCOAST BEVERAGE SALES
988,40908,PEPIN DISTRIBUTING
989,61738,SOUTHERN EAGLE SALES & SERVICE
990,20950,THE LEWIS BEAR COMPANY
991,20161,BUDWEISER-BUSCH DIST
992,93500,ANHEUSER-BUSCH SALES OF OK
993,11538,CITY BEVERAGE
994,40915,GREAT BAY DISTRIBUTORS
995,11356,NORTH VERNON BEVERAGE
999,44276,SILVER EAGLE DIST LP
1000,94239,L & F DISTRIBUTORS
1001,50512,STANDARD SALES CO-PUEBLO
1002,81394,DEVER DISTRIBUTING
1003,11209,SUPERIOR BEVERAGE
1004,40940,GOLD COAST EAGLE
1005,61491,FAHR BEVERAGE
1006,61003,ALBANY BEVERAGE
1007,34854,WISCONSIN DISTRIBUTORS
1008,60518,AMERICAN EAGLE DISTRIBUTING
1009,32486,WIL FISCHER DISTRIBUTING
1010,63269,R A JEFFREYS DISTR CO RALEIGH
1011,21075,SOUTHERN EAGLE DIST
1012,44888,RIVER CITY DISTRIBUTING
1014,32441,COUNTY BEVERAGE
1015,44223,L & F DISTRIBUTORS
1016,71741,BUQUET DISTRIBUTING
1017,43975,H & S WHOLESALERS
1018,21052,SOUTHERN EAGLE DIST
1019,50512,STANDARD SALES CO-PUEBLO
1021,32465,KREY DISTRIBUTING COMPANY
1022,84245,R & K DISTRIBUTORS
1023,94568,VIRGINIA EAGLE
1024,21052,SOUTHERN EAGLE DIST
1025,81271,GRAY WHOLESALE
1026,51311,BEST BEERS OF BLOOMINGTON
1027,33213,"ADAMS BEVERAGES OF NC, LLC "
1028,21270,BREWERS DISTRIBUTING
1029,40915,GREAT BAY DISTRIBUTORS
1030,33917,B & B DISTRIBUTORS
1032,20948,THE LEWIS BEAR COMPANY
1033,51317,BARTHOLOMEW COUNTY BEVERAGE
1034,33281,FOX DISTRIBUTING
1035,53978,BUDWEISER OF SPARTANBURG
1036,33281,FOX DISTRIBUTING
1037,23912,SOUTHERN EAGLE OF SC
1038,62220,COLLEGE CITY BEVERAGE
1039,53296,R H BARRINGER
1040,94262,SILVER EAGLE DIST LP - CYPRESS
1041,94233,L & F DISTRIBUTORS
1042,34206,BROWN DISTRIBUTING
1043,3555,ANHEUSER-BUSCH SALES OF OK - OKC
1044,84245,R & K DISTRIBUTORS
1045,10500,ANHEUSER BUSCH
1047,81004,ATLANTA BEVERAGE
1052,10194,GREENE BEVERAGE
1053,11600,ANHEUSER-BUSCH
1054,31549,OMALLEY BEVERAGE OF KS
1055,64221,BEN E KEITH
1056,3555,ANHEUSER-BUSCH SALES OF OK - OKC
1058,50507,CENTRAL DISTRIBUTING
1059,12362,MITCHELL DISTRIBUTING
1061,21052,SOUTHERN EAGLE DIST
1062,94240,SILVER EAGLE DISTRIBUTORS
1064,33237,THE BEST OF BEERS
1066,22303,REX DISTRIBUTING
1068,10903,CARROLL DISTRIBUTING
1069,12362,MITCHELL DISTRIBUTING
1070,61014,EAGLE ROCK OF DALTON
1071,21221,DONNEWALD DISTRIBUTING
1072,61025,SOUTHERN EAGLE DIST
1073,34254,BEN E KEITH
1074,52331,DELTA DISTRIBUTING
1075,4109,BUD OF CLARKSVILLE
1076,11056,BIBB DISTRIBUTING
1077,30958,TRI-EAGLE SALES
1079,10906,DAYTONA BEVERAGES
1080,74142,HOLSTON DISTRIBUTING
1082,90927,BURKHARDT SALES AND SERVICE
1083,70918,NORTH FLORIDA SALES
1085,40915,GREAT BAY DISTRIBUTORS
1086,10922,CITY BEVERAGES
1087,40979,SOUTHERN EAGLE
1088,22303,REX DISTRIBUTING
1089,64113,BUD OF CHATTANOOGA
1090,70918,NORTH FLORIDA SALES
1091,30192,HORN BEVERAGE COMPANY
1093,51229,SKEFF DISTRIBUTING
1094,32441,COUNTY BEVERAGE
1096,33245,R H BARRINGER
1097,63269,R A JEFFREYS DISTR CO RALEIGH
1098,54294,DEL PAPA DISTRIBUTING
1099,11597,THE HOUSE OF SCHWAN
1100,10125,SHOALS DISTRIBUTING
1101,30166,BAMA BUD OF MONTGOMERY
1102,31712,MOCKLER BEVERAGE
1103,94262,SILVER EAGLE DIST LP - CYPRESS
1104,40915,GREAT BAY DISTRIBUTORS
1105,350,GOLDEN EAGLE OF ARKANSAS
1106,61720,MARSALA BEVERAGE
1107,21703,SOUTHWEST BEVERAGE
1109,61754,MARSALA BEVERAGE
1110,61754,MARSALA BEVERAGE
1111,71008,LEON FARMER & COMPANY
1112,91029,ATLANTA BEVERAGE CO - GRIFFIN
1115,4173,CARDIN DISTRIBUTING
1116,3555,ANHEUSER-BUSCH SALES OF OK - OKC
1117,64221,BEN E KEITH
1118,64221,BEN E KEITH
1120,32464,NORTH K C BEVERAGE
1121,11056,BIBB DISTRIBUTING
1122,71008,LEON FARMER & COMPANY
1123,53929,BUD OF GREENVILLE
1125,21214,CITY BEVERAGE
1126,34254,BEN E KEITH
1127,63269,R A JEFFREYS DISTR CO RALEIGH
1128,21703,SOUTHWEST BEVERAGE
1129,34206,BROWN DISTRIBUTING
1130,53978,BUDWEISER OF SPARTANBURG
1131,53296,R H BARRINGER
1132,33245,R H BARRINGER
1133,33245,R H BARRINGER
1134,20948,THE LEWIS BEAR COMPANY
1135,43925,CROWN BEVERAGES
1136,31712,MOCKLER BEVERAGE
1137,94213,WISMER DISTRIBUTING
1139,91646,KENTUCKY EAGLE BEER
1140,91646,KENTUCKY EAGLE BEER
1141,51344,GREENFIELD BEVERAGE
1143,11056,BIBB DISTRIBUTING
1144,33917,B & B DISTRIBUTORS
1146,23912,SOUTHERN EAGLE OF SC
1147,10327,MCBRIDE DISTRIBUTING
1148,74298,FALLS DISTRIBUTING
1149,20282,III COUNTIES DISTRIBUTING
1150,64210,JACK HILLIARD DIST
1151,31545,SCHATZ DISTRIBUTING
1152,21481,DOLL DISTRIBUTING
1153,11056,BIBB DISTRIBUTING
1154,34254,BEN E KEITH
1155,63269,R A JEFFREYS DISTR CO RALEIGH
1156,33245,R H BARRINGER
1157,11356,NORTH VERNON BEVERAGE
1158,10121,BIRMINGHAM BUD DISTRIBUTING
1160,81309,CRAIG DISTRIBUTING CO
1162,31301,HEDINGER BEVERAGE
1163,61738,SOUTHERN EAGLE SALES & SERVICE
1164,33916,K W ASSOCIATES
1165,11600,ANHEUSER-BUSCH
1167,44856,BEECHWOOD SALES & SERVICE
1168,32352,SOUTHWEST DISTRIBUTORS
1169,81774,EAGLE DIST OF SHREVEPORT
1170,11600,ANHEUSER-BUSCH
1171,40940,GOLD COAST EAGLE
1172,70918,NORTH FLORIDA SALES
1173,70918,NORTH FLORIDA SALES
1174,30183,BAMA BUD OF SELMA
1177,22438,GREY EAGLE DISTRIBUTORS
1178,64225,BEN E KEITH
1179,23201,BUDWEISER OF ASHEVILLE
1180,11356,NORTH VERNON BEVERAGE
1181,81019,ATLANTA BEVERAGE CO GGP
1182,10906,DAYTONA BEVERAGES
1183,33916,K W ASSOCIATES
1184,81018,EAGLE ROCK DISTRIBUTING
1185,34206,BROWN DISTRIBUTING
1186,44207,DEL PAPA DISTRIBUTING
1187,31566,CRAWFORD SALES COMPANY
1188,22438,GREY EAGLE DISTRIBUTORS
1191,63221,HARRIS BEVERAGES
1192,12344,SOUTHERN BEVERAGE
1193,61754,MARSALA BEVERAGE
1194,84146,EAGLE DISTRIBUTING
1195,22303,REX DISTRIBUTING
1196,31712,MOCKLER BEVERAGE
1197,43272,CAROLINA EAGLE DIST
1198,44276,SILVER EAGLE DISTRIBUTORS
1199,60506,ORRISON DISTRIBUTING
1200,50501,STANDARD SALES CO-CO SPRINGS
1201,10121,BIRMINGHAM BUD DISTRIBUTING
1202,54832,S & S DISTRIBUTING
1203,40908,PEPIN DISTRIBUTING
1204,51733,SOUTHWEST BEVERAGE
1205,70923,NORTH FLORIDA SALES
1206,31712,MOCKLER BEVERAGE
1207,20948,THE LEWIS BEAR COMPANY
1209,33210,STANDARD DISTRIBUTORS
1210,91646,KENTUCKY EAGLE BEER
1211,41273,LAMONICA BEVERAGES
1212,20161,BUDWEISER-BUSCH DIST
1213,40915,GREAT BAY DISTRIBUTORS
1214,81560,WESTERN DISTRIBUTING
1215,61014,EAGLE ROCK OF DALTON
1216,64221,BEN E KEITH
1217,23205,BUDWEISER OF SYLVA
1218,10257,GOLDEN EAGLE DISTRIBUTORS
1219,70918,NORTH FLORIDA SALES
1220,10922,CITY BEVERAGES
1221,11597,THE HOUSE OF SCHWAN
1222,20950,THE LEWIS BEAR COMPANY
1223,30958,TRI-EAGLE SALES
1224,20950,THE LEWIS BEAR COMPANY
1225,70918,NORTH FLORIDA SALES
1226,4163,AJAX TURNER
1227,91006,A B BEVERAGE
1228,41200,CITY BEVERAGE - ARLINGTON HTS
1229,10121,BIRMINGHAM BUD DISTRIBUTING
1230,10256,GOLDEN EAGLE DISTRIBUTORS
1231,10500,ANHEUSER BUSCH
1232,64287,JACK HILLIARD DIST
1233,91630,PERRY DISTRIBUTORS
1235,44276,SILVER EAGLE DISTRIBUTORS
1236,43231,R A JEFFREYS DISTRIBUTING
1237,43231,R A JEFFREYS DISTRIBUTING
1238,63269,R A JEFFREYS DISTR CO RALEIGH
1239,13426,SERVICE DIST CO DBA HEIDELBERG
1240,20288,SOUTHERN ARIZONA DISTRIBUTING
1241,71430,VANGUARD DISTRIBUTING
1242,23201,BUDWEISER OF ASHEVILLE
1243,94522,DANVILLE DISTRIBUTING
1244,53929,BUD OF GREENVILLE
1245,40919,BERNIE LITTLE DISTRIBUTORS
1247,91630,PERRY DISTRIBUTORS
1248,54153,BUD OF MEMPHIS
1249,34271,STANDARD SALES
1252,60521,STANDARD SALES CO LP-LITTLETON
1253,34206,BROWN DISTRIBUTING
1254,64295,BEN E KEITH
1255,63269,R A JEFFREYS DISTR CO RALEIGH
1256,11206,CITY BEVERAGE MARKHAM
1261,63269,R A JEFFREYS DISTR CO RALEIGH
1263,31325,WORKING DISTRIBUTORS
1264,13451,C & G DISTRIBUTING
1265,22438,GREY EAGLE DISTRIBUTORS
1266,31712,MOCKLER BEVERAGE
1267,34854,WISCONSIN DISTRIBUTORS
1268,73291,R.A. JEFFREYS OF WILMINGTON
1269,11600,ANHEUSER-BUSCH
1270,93901,A B BEVERAGE
1271,12362,MITCHELL DISTRIBUTING
1273,50501,STANDARD SALES CO-CO SPRINGS
1274,34854,WISCONSIN DISTRIBUTORS
1275,51338,BOONE BEVERAGE
1276,44872,LARRYS DISTRIBUTING
1277,34848,S & S DISTRIBUTING
1279,94262,SILVER EAGLE DIST LP - CYPRESS
1280,50507,CENTRAL DISTRIBUTING
1281,53978,BUDWEISER OF SPARTANBURG
1282,91513,PESTINGER DISTRIBUTING
1283,70923,NORTH FLORIDA SALES
1284,177,ADAMS BEVERAGES
1285,11468,GOLDEN EAGLE DIST
1286,33916,K W ASSOCIATES
1287,53234,R H BARRINGER
1288,63221,HARRIS BEVERAGES
1289,83406,CLERMONT DISTRIBUTING
1290,53296,R H BARRINGER
1292,94572,P A SHORT DISTRIBUTING
1293,91006,A B BEVERAGE
1294,61346,MID AMERICA BEVERAGE
1295,3555,ANHEUSER-BUSCH SALES OF OK - OKC
1296,94239,L & F DISTRIBUTORS
1297,30958,TRI-EAGLE SALES
1298,43231,R A JEFFREYS DISTRIBUTING
1299,10261,HENSLEY & CO PHOENIX
1300,43231,R A JEFFREYS DISTRIBUTING
1301,94572,P A SHORT DISTRIBUTING
1302,74505,WALLING DISTRIBUTING
1303,34206,BROWN DISTRIBUTING
1304,71308,NELSON BEVERAGE
1305,34854,WISCONSIN DISTRIBUTORS
1306,13072,L&F DISTRIBUTORS LTD
1307,11206,CITY BEVERAGE MARKHAM
1308,10500,ANHEUSER BUSCH
1309,94572,P A SHORT DISTRIBUTING
1310,81394,DEVER DISTRIBUTING
1311,1015,B & B BEVERAGE
1312,63269,R A JEFFREYS DISTR CO RALEIGH
1313,44276,SILVER EAGLE DISTRIBUTORS
1314,81018,EAGLE ROCK DISTRIBUTING
1316,34880,FLANIGAN DISTRIBUTING
1317,23201,BUDWEISER OF ASHEVILLE
1318,84146,EAGLE DISTRIBUTING
1319,84146,EAGLE DISTRIBUTING
1320,84146,EAGLE DISTRIBUTING
1321,43231,R A JEFFREYS DISTRIBUTING
1322,33245,R H BARRINGER
1324,20285,GOLDEN EAGLE DISTRIBUTORS
1326,62630,H & H DISTRIBUTING
1327,11356,NORTH VERNON BEVERAGE
1328,10216,GOLDEN EAGLE DISTRIBUTORS
1329,61346,MID AMERICA BEVERAGE
1330,13451,C & G DISTRIBUTING
1331,63440,C & G DISTRIBUTING
1332,22659,NORFOLK BEVERAGE
1333,13451,C & G DISTRIBUTING
1335,94577,VIRGINIA EAGLE DISTRIBUTING
1337,53296,R H BARRINGER
1339,33916,K W ASSOCIATES
1340,81004,ATLANTA BEVERAGE
1341,31325,WORKING DISTRIBUTORS
1342,61738,SOUTHERN EAGLE SALES & SERVICE
1344,94577,VIRGINIA EAGLE DISTRIBUTING
1345,94522,DANVILLE DISTRIBUTING
1346,22303,REX DISTRIBUTING
1347,44276,SILVER EAGLE DISTRIBUTORS
1348,73291,R.A. JEFFREYS OF WILMINGTON
1350,94551,VIRGINIA EAGLE
1351,34729,MOUNTAIN EAGLE
1352,73291,R.A. JEFFREYS OF WILMINGTON
1353,61738,SOUTHERN EAGLE SALES & SERVICE
1354,43233,R A JEFFREYS DISTRIBUTING
1355,43231,R A JEFFREYS DISTRIBUTING
1356,51341,ZINK DISTRIBUTING
1357,3044,PREMIER DISTRIBUTING
1358,23912,SOUTHERN EAGLE OF SC
1359,23912,SOUTHERN EAGLE OF SC
1360,34729,MOUNTAIN EAGLE
1361,21479,L & L DISTRIBUTING
1362,20948,THE LEWIS BEAR COMPANY
1363,71008,LEON FARMER & COMPANY
1364,10202,ROMER BEVERAGE COMPANY
1367,11056,BIBB DISTRIBUTING
1369,10216,GOLDEN EAGLE DISTRIBUTORS
1370,10202,ROMER BEVERAGE COMPANY
1371,51317,BARTHOLOMEW COUNTY BEVERAGE
1372,63269,R A JEFFREYS DISTR CO RALEIGH
1373,81018,EAGLE ROCK DISTRIBUTING
1375,20948,THE LEWIS BEAR COMPANY
1376,4109,BUD OF CLARKSVILLE
1377,41200,CITY BEVERAGE - ARLINGTON HTS
1378,71308,NELSON BEVERAGE
1379,43233,R A JEFFREYS DISTRIBUTING
1381,10261,HENSLEY & CO PHOENIX
1382,53929,BUD OF GREENVILLE
1383,23912,SOUTHERN EAGLE OF SC
1384,50512,STANDARD SALES CO-PUEBLO
1385,33210,STANDARD DISTRIBUTORS
1386,21214,CITY BEVERAGE
1387,10938,DOUBLE EAGLE DISTRIBUTING
1388,41380,AALCO DIST
1389,81431,DOLL DISTRIBUTING
1390,40915,GREAT BAY DISTRIBUTORS
1391,10906,DAYTONA BEVERAGES
1392,73291,R.A. JEFFREYS OF WILMINGTON
1393,81431,DOLL DISTRIBUTING
1394,44856,BEECHWOOD SALES & SERVICE
1396,34854,WISCONSIN DISTRIBUTORS
1397,3001,PREMIER DISTRIBUTING
1398,40993,BROWN DISTRIBUTING
1399,94551,VIRGINIA EAGLE
1400,71008,LEON FARMER & COMPANY
1401,11209,SUPERIOR BEVERAGE INC
1403,71027,LEON FARMER & COMPANY
1404,41200,CITY BEVERAGE - ARLINGTON HTS
1405,54294,DEL PAPA DISTRIBUTING
1406,64524,VIRGINIA EAGLE
1407,93459,THE DICKERSON DISTRIBUTING
1408,30958,TRI-EAGLE SALES
1409,94262,SILVER EAGLE DIST LP - CYPRESS
1410,13426,SERVICE DIST CO DBA HEIDELBERG
1411,20285,GOLDEN EAGLE DISTRIBUTORS
1412,34948,SMITH BEVERAGES
1413,41200,CITY BEVERAGE - ARLINGTON HTS
1414,3001,PREMIER DISTRIBUTING
1415,21481,DOLL DISTRIBUTING
1416,23460,CITY BEVERAGE
1417,10261,HENSLEY & CO PHOENIX
1418,21228,ILLINOIS DISTRIBUTING
1419,41380,AALCO DIST
1420,41200,CITY BEVERAGE - ARLINGTON HTS
1421,21270,BREWERS DISTRIBUTING
1422,62155,FABIANO BROTHERS
1423,22164,MAIN BEVERAGE
1424,84569,BROWN DISTRIBUTING
1425,71308,NELSON BEVERAGE
1426,1602,EAGLE DISTRIBUTING
1427,3413,CLASSIC BRANDS
1428,62155,FABIANO BROTHERS
1429,93462,THE MAPLE CITY ICE COMPANY
1430,24804,WISCONSIN DIST APPLETON
1431,11468,GOLDEN EAGLE DIST
1432,72177,H COX & SON
1433,63440,C & G DISTRIBUTING
1434,50501,STANDARD SALES CO-CO SPRINGS
1435,11468,GOLDEN EAGLE DIST
1436,40993,BROWN DISTRIBUTING
1437,23502,BUDWEISER DISTRIBUTING
1438,24302,BALD EAGLE BEVERAGE
1439,24302,BALD EAGLE BEVERAGE
1440,24383,TOOELE BEVERAGE
1441,93459,THE DICKERSON DISTRIBUTING
1442,10216,GOLDEN EAGLE DISTRIBUTORS
1443,83406,CLERMONT DISTRIBUTING
1444,70918,NORTH FLORIDA SALES
1445,93462,THE MAPLE CITY ICE COMPANY
1447,44882,SUPERIOR BEVERAGES
1448,93457,MANSFIELD DISTRIBUTING
1449,44872,LARRYS DISTRIBUTING
1450,34765,PROUD EAGLE INC
1451,51245,A GAUDIO & SONS
1453,24827,DEAN DISTRIBUTING
1454,41272,RINELLA COMPANY
1455,64225,BEN E KEITH
1457,44947,FREMONT DISTRIBUTING
1458,61014,EAGLE ROCK OF DALTON
1459,51341,ZINK DISTRIBUTING
1460,62630,H & H DISTRIBUTING
1461,27974,WESTERN WYOMING BEVERAGES INC
1462,30192,HORN BEVERAGE COMPANY
1463,13426,SERVICE DIST CO DBA HEIDELBERG
1464,33213,"ADAMS BEVERAGES OF NC, LLC "
1465,94522,DANVILLE DISTRIBUTING
1466,84146,EAGLE DISTRIBUTING
1468,52310,SOUTHERN BEVERAGE CO INC
1469,64113,BUD OF CHATTANOOGA
1470,52211,MADISON BOTTLING
1472,62220,COLLEGE CITY BEVERAGE
1473,52219,TOW DISTRIBUTING
1474,30295,SUN VALLEY BEVERAGE
1475,11468,GOLDEN EAGLE DIST
1476,11356,NORTH VERNON BEVERAGE
1477,34732,THE AMERICAN BEER COMPANY
1479,11319,CALUMET BREWERIES
1480,51363,JAY COUNTY BEVERAGE
1481,10121,BIRMINGHAM BUD DISTRIBUTING
1483,24097,JOHN A CONKLING DIST
1486,94551,VIRGINIA EAGLE
1487,71378,UNITED BEV CO OF SO BEND
1488,81019,ATLANTA BEVERAGE CO GGP
1490,41273,LAMONICA BEVERAGES
1491,81431,DOLL DISTRIBUTING
1492,10500,ANHEUSER BUSCH
1493,20162,BUDWEISER-BUSCH DIST
1494,54215,L & F DIST OF CORPUS CHRISTI
1495,13426,SERVICE DIST CO DBA HEIDELBERG
1496,61491,FAHR BEVERAGE
1498,53234,R H BARRINGER
1499,34732,THE AMERICAN BEER COMPANY
1502,43272,CAROLINA EAGLE DIST
1503,13426,SERVICE DIST CO DBA HEIDELBERG
1504,13426,SERVICE DIST CO DBA HEIDELBERG
1505,91630,PERRY DISTRIBUTORS
1506,71429,7G DISTRIBUTING
1507,11597,THE HOUSE OF SCHWAN
1509,71429,7G DISTRIBUTING
1510,81617,CHAS. SELIGMAN DISTRIBUTING
1512,10261,HENSLEY & CO PHOENIX
1513,40915,GREAT BAY DISTRIBUTORS
1514,22442,H W HERRELL DISTRIBUTING
1515,44856,BEECHWOOD SALES & SERVICE
1518,51341,ZINK DISTRIBUTING
1519,3413,CLASSIC BRANDS
1520,14028,ELLWEIN BROTHERS DISTRIBUTING
1521,83414,HEIDELBERG DISTRIBUTING
1522,44723,ELKINS DISTRIBUTING
1523,84569,BROWN DISTRIBUTING
1524,84569,BROWN DISTRIBUTING
1525,84569,BROWN DISTRIBUTING
1526,21481,DOLL DISTRIBUTING
1527,73222,CITY BEVERAGE
1528,61413,7G DISTRIBUTING
1530,62329,MITCHELL DELTA DISTRIBUTING
1532,10261,HENSLEY & CO PHOENIX
1533,10261,HENSLEY & CO PHOENIX
1534,73305,MCQUADE DISTRIBUTING
1535,4091,BEAL DISTRIBUTING
1538,4091,BEAL DISTRIBUTING
1539,93457,MANSFIELD DISTRIBUTING
1540,32112,BUD DISTRIBUTING
1541,40993,BROWN DISTRIBUTING
1542,72118,HURON DISTRIBUTORS
1543,94073,EAGLE SALES OF THE BLACK HILLS
1544,44716,BEVERAGE DISTRIBUTORS
1545,83331,DAKOTA SALES CO INC
1547,61346,MID AMERICA BEVERAGE
1548,11206,CITY BEVERAGE MARKHAM
1549,10261,HENSLEY & CO PHOENIX
1551,44856,BEECHWOOD SALES & SERVICE
1552,33245,R H BARRINGER
1553,41200,CITY BEVERAGE - ARLINGTON HTS
1554,40451,DELTA SIERRA DISTRIBUTING
1555,30414,ALFORD DISTRIBUTING
1556,11206,CITY BEVERAGE MARKHAM
1557,51397,TERRANCE A SMITH
1558,53234,R H BARRINGER
1560,32711,NEVADA BEVERAGE
1561,54153,BUD OF MEMPHIS
1563,70400,ANHEUSER-BUSCH
1564,33441,SPRIGGS DISTRIBUTING
1565,73394,DELANEY DISTRIBUTORS
1567,73314,QUEEN CITY BEVERAGE
1569,81617,CHAS. SELIGMAN DISTRIBUTING
1570,41380,AALCO DIST
1571,44856,BEECHWOOD SALES & SERVICE
1572,24396,C & H DISTRIBUTING
1573,24340,BOWTIE BEVERAGE
1574,50410,ADVANCE BEVERAGE CO INC
1577,52237,THORPE DISTRIBUTING
1578,81019,ATLANTA BEVERAGE CO GGP
1579,63236,HARRIS BEVERAGES
1580,51341,ZINK DISTRIBUTING
1584,32711,NEVADA BEVERAGE
1585,62663,SANDHILLS DISTRIBUTING
1586,81019,ATLANTA BEVERAGE CO GGP
1588,406,R & S BEVERAGE COMPANY
1589,10938,DOUBLE EAGLE DISTRIBUTING
1590,10986,EAGLE BRANDS
1592,62103,SMITH DISTRIBUTING
1593,32143,WEST SIDE BEER DISTRIBUTORS
1594,3461,MATESICH DISTRIBUTING
1595,3453,DELMAR DISTRIBUTING
1597,93500,ANHEUSER-BUSCH SALES OF OK
1598,10261,HENSLEY & CO PHOENIX
1599,31566,CRAWFORD SALES COMPANY
1601,61346,MID AMERICA BEVERAGE
1602,51229,SKEFF DISTRIBUTING
1603,33917,B & B DISTRIBUTORS
1604,94073,EAGLE SALES OF THE BLACK HILLS
1605,20950,THE LEWIS BEAR COMPANY
1606,64113,BUD OF CHATTANOOGA
1609,42247,DICK DISTRIBUTING
1611,12167,EARL SMITH DISTRIBUTING
1612,20285,GOLDEN EAGLE DISTRIBUTORS
1613,53234,R H BARRINGER
1614,63221,HARRIS BEVERAGES
1618,11319,CALUMET BREWERIES
1619,63124,LAKE BEVERAGE
1620,20162,BUDWEISER-BUSCH DIST
1621,11468,GOLDEN EAGLE DIST
1622,23430,BEERCO
1624,50410,ADVANCE BEVERAGE CO INC
1625,21479,L & L DISTRIBUTING
1626,3555,ANHEUSER-BUSCH SALES OF OK - OKC
1627,82210,D-S BEVERAGES INC
1628,93462,THE MAPLE CITY ICE COMPANY
1630,80453,FOOTHILL DISTRIBUTING
1631,74563,M PRICE DISTRIBUTING
1632,52209,H BOYD NELSON
1633,52250,C&L DISTRIBUTING INC
1634,52250,C&L DISTRIBUTING INC
1635,44856,BEECHWOOD SALES & SERVICE
1636,73360,MAGIC CITY BEVERAGE
1637,72668,QUALITY BRANDS OF OMAHA
1638,30134,ADAMS BEVERAGES
1639,61346,MID AMERICA BEVERAGE
1641,43233,R A JEFFREYS DISTRIBUTING
1642,42138,DANIEL L JACOB & COMPANY
1643,34854,WISCONSIN DISTRIBUTORS
1645,60424,SEQUOIA BEVERAGE
1646,10261,HENSLEY & CO PHOENIX
1647,41380,AALCO DIST
1648,42709,CAPITAL BEVERAGES
1649,83389,VALLEY SALES CO INC
1650,44856,BEECHWOOD SALES & SERVICE
1651,90489,MARKSTEIN BEV CO OF SACRAMENTO
1652,94568,VIRGINIA EAGLE
1653,44716,BEVERAGE DISTRIBUTORS
1654,52203,C&L DISTRIBUTING
1655,81394,DEVER DISTRIBUTING
1657,62220,COLLEGE CITY BEVERAGE
1658,91006,A B BEVERAGE
1659,60518,AMERICAN EAGLE DISTRIBUTING
1660,70400,ANHEUSER-BUSCH
1661,43231,R A JEFFREYS DISTRIBUTING
1662,33245,R H BARRINGER
1663,23205,BUDWEISER OF SYLVA
1664,43231,R A JEFFREYS DISTRIBUTING
1665,51397,TERRANCE A SMITH
1666,33213,"ADAMS BEVERAGES OF NC, LLC "
1667,71308,NELSON BEVERAGE
1668,41200,CITY BEVERAGE - ARLINGTON HTS
1669,14818,PARK RIDGE DISTRIBUTING INC
1671,72668,QUALITY BRANDS OF OMAHA
1673,63124,LAKE BEVERAGE
1675,1603,SMITH BROTHERS
1676,31301,HEDINGER BEVERAGE
1677,73175,TRI-VALLEY BEVERAGE
1678,44888,RIVER CITY DISTRIBUTING
1679,34848,S & S DISTRIBUTING
1680,10986,EAGLE BRANDS
1681,41200,CITY BEVERAGE - ARLINGTON HTS
1682,74562,HOFFMAN BEVERAGE
1683,71424,DOLL DISTRIBUTING
1685,4020,CHAMBERLAIN WHOLESALE
1686,24376,GENERAL DISTRIBUTING
1687,74562,HOFFMAN BEVERAGE
1688,74562,HOFFMAN BEVERAGE
1689,10500,ANHEUSER BUSCH
1690,51229,SKEFF DISTRIBUTING
1692,60400,ANHEUSER-BUSCH
1694,33281,FOX DISTRIBUTING
1695,83313,JEROME WHOLESALE INC
1696,52209,H BOYD NELSON
1698,2853,GREAT STATE BEVERAGES INC
1699,24338,WASATCH DISTRIBUTING
1702,10903,CARROLL DISTRIBUTING
1703,64757,JEFFERSON DISTRIBUTING
1704,90489,MARKSTEIN BEV CO OF SACRAMENTO
1705,73103,OWASCO BEVERAGE
1708,24338,WASATCH DISTRIBUTING
1709,41380,AALCO DIST
1710,12344,SOUTHERN BEVERAGE
1711,10121,BIRMINGHAM BUD DISTRIBUTING
1714,44725,VALLEY DIST CO OF FAIRMONT
1718,23430,BEERCO
1719,62155,FABIANO BROTHERS
1720,81018,EAGLE ROCK DISTRIBUTING
1721,61413,7G DISTRIBUTING
1722,2217,HAGEN BEV DIST
1723,81431,DOLL DISTRIBUTING
1724,93457,MANSFIELD DISTRIBUTING
1726,94577,VIRGINIA EAGLE DISTRIBUTING
1727,34854,WISCONSIN DISTRIBUTORS
1728,51397,TERRANCE A SMITH
1729,51344,GREENFIELD BEVERAGE
1730,84552,AL PUGH DISTRIBUTING
1731,63124,LAKE BEVERAGE
1732,91409,IKE AUEN DISTRIBUTING
1733,22164,MAIN BEVERAGE
1734,51229,SKEFF DISTRIBUTING
1735,41200,CITY BEVERAGE - ARLINGTON HTS
1737,41200,CITY BEVERAGE - ARLINGTON HTS
1738,52250,C&L DISTRIBUTING INC
1740,41231,L R B DISTRIBUTORS
1745,51397,TERRANCE A SMITH
1746,10261,HENSLEY & CO PHOENIX
1748,23912,SOUTHERN EAGLE OF SC
1749,2813,NEW HAMPSHIRE DISTRIBUTORS
1750,3453,DELMAR DISTRIBUTING
1752,62155,FABIANO BROTHERS
1753,72857,BELLAVANCE BEVERAGE
1754,42146,M & M DISTRIBUTORS
1757,52205,SUPERIOR BEVERAGES
1758,51397,TERRANCE A SMITH
1759,74563,M PRICE DISTRIBUTING
1760,90489,MARKSTEIN BEV CO OF SACRAMENTO
1761,21228,ILLINOIS DISTRIBUTING
1763,94568,VIRGINIA EAGLE
1764,81431,DOLL DISTRIBUTING
1766,81019,ATLANTA BEVERAGE CO GGP
1767,73291,R.A. JEFFREYS OF WILMINGTON
1768,24348,BIG FOUR DISTRIBUTING
1771,32143,WEST SIDE BEER DISTRIBUTORS
1772,63658,WESTERN BEVERAGE
1773,74563,M PRICE DISTRIBUTING
1774,63269,R A JEFFREYS DISTR CO RALEIGH
1775,63618,WESTERN BEVERAGE
1776,44888,RIVER CITY DISTRIBUTING
1780,84512,VIRGINIA EAGLE DISTRIBUTING
1781,23125,SENECA BEVERAGE
1782,34765,PROUD EAGLE INC
1783,31325,WORKING DISTRIBUTORS
1784,63690,WESTERN BEVERAGE
1787,91409,IKE AUEN DISTRIBUTING
1788,41865,NATIONAL DISTRIBUTORS
1790,22152,FLORAL CITY BEVERAGE
1791,32156,TYLER SALES
1793,63690,WESTERN BEVERAGE
1796,72857,BELLAVANCE BEVERAGE
1798,62155,FABIANO BROTHERS
1800,64221,BEN E KEITH
1801,64225,BEN E KEITH
1802,1583,STRATHMAN SALES
1803,44276,SILVER EAGLE DIST LP
1804,41380,AALCO DIST
1805,434,HEIMARK DISTRIBUTING
1806,13131,BARTYZEL
1809,42138,DANIEL L JACOB & COMPANY
1810,53166,DUTCHESS BEER
1811,74562,HOFFMAN BEVERAGE
1812,93457,MANSFIELD DISTRIBUTING
1813,63124,LAKE BEVERAGE
1814,41200,CITY BEVERAGE - ARLINGTON HTS
1817,3666,HODGEN DISTRIBUTING
1819,54846,BILLS DISTRIBUTING
1825,64597,J F FICK INC
1827,24348,BIG FOUR DISTRIBUTING
1828,64889,FABIANO BROTHERS
1829,43925,CROWN BEVERAGES
1830,73103,OWASCO BEVERAGE
1832,434,HEIMARK DISTRIBUTING
1833,64597,J F FICK INC
1834,63658,WESTERN BEVERAGE
1835,23105,ROCCO J TESTANI
1836,42138,DANIEL L JACOB & COMPANY
1837,94240,SILVER EAGLE DISTRIBUTORS
1839,93462,THE MAPLE CITY ICE COMPANY
1840,40451,DELTA SIERRA DISTRIBUTING
1841,74562,HOFFMAN BEVERAGE
1842,53234,R H BARRINGER
1845,10976,STEPHENS DISTRIBUTING
1846,20288,SOUTHERN ARIZONA DISTRIBUTING
1847,30958,TRI-EAGLE SALES
1849,53296,R H BARRINGER
1851,10938,DOUBLE EAGLE DISTRIBUTING
1852,64597,J F FICK INC
1853,60400,ANHEUSER-BUSCH
1856,31804,MAINE DISTRIBUTORS
1858,52211,MADISON BOTTLING
1859,30414,ALFORD DISTRIBUTING
1861,62220,COLLEGE CITY BEVERAGE
1863,93421,THE HOUSE OF LAROSE
1865,52219,TOW DISTRIBUTING
1866,41826,FEDERAL DISTRIBUTORS
1868,41826,FEDERAL DISTRIBUTORS
1870,94682,KING BEVERAGE
1871,83130,EAGLE BEVERAGE
1872,92510,SANDY MACS DISTRIBUTING
1874,40925,PEACE RIVER DISTRIBUTING
1880,63618,WESTERN BEVERAGE
1881,90489,MARKSTEIN BEV CO OF SACRAMENTO
1882,60426,DONAGHY SALES
1888,24320,MARTYS DISTRIBUTING
1889,3666,HODGEN DISTRIBUTING
1892,21203,CITY BEVERAGE - CHICAGO
1894,93421,THE HOUSE OF LAROSE
1896,50501,STANDARD SALES CO-CO SPRINGS
1897,41200,CITY BEVERAGE - ARLINGTON HTS
1898,11209,SUPERIOR BEVERAGE
1899,60400,ANHEUSER-BUSCH
1900,51188,WATKINS DIST SALES & SERVICE
1901,82509,THOMPSON DISTRIBUTING
1902,51140,WATKINS DIST SALES & SERVICE
1903,90489,MARKSTEIN BEV CO OF SACRAMENTO
1905,51140,WATKINS DIST SALES & SERVICE
1907,2864,CLARKE DISTRIBUTORS
1908,24827,DEAN DISTRIBUTING
1909,33107,TRY-IT DISTRIBUTING CO
1910,80417,NORTH COAST MERCANTILE
1911,93421,THE HOUSE OF LAROSE
1912,70470,STRAUB DISTRIBUTING
1913,23430,BEERCO
1914,60400,ANHEUSER-BUSCH
1915,60400,ANHEUSER-BUSCH
1916,10938,DOUBLE EAGLE DISTRIBUTING
1923,32128,WEST SIDE BEER DISTRIBUTING
1924,31804,MAINE DISTRIBUTORS
1925,63690,WESTERN BEVERAGE
1926,83167,EAGLE BEVERAGE
1927,93421,THE HOUSE OF LAROSE
1928,62155,FABIANO BROTHERS
1929,52205,SUPERIOR BEVERAGES
1931,24827,DEAN DISTRIBUTING
1932,31804,MAINE DISTRIBUTORS
1934,84549,PECHT DISTRIBUTORS INC
1936,72175,MARCHETTI DISTRIBUTING
1937,3461,MATESICH DISTRIBUTING
1938,21203,CITY BEVERAGE - CHICAGO
1939,41826,FEDERAL DISTRIBUTORS
1940,13198,SARATOGA EAGLE SALES
1942,32140,MERVENNE BEVERAGE
1943,72648,DOUBLE EAGLE BEVERAGE
1946,83151,A CAPPIONE
1947,14697,COLUMBIA DISTRIBUTING
1948,54727,WALDORF DISTRIBUTING
1949,3142,ARTHUR R GREN
1951,43612,OWYHEE DISTRIBUTING
1953,63236,HARRIS BEVERAGES
1954,41865,NATIONAL DISTRIBUTORS
1955,41273,LAMONICA BEVERAGES
1956,72508,INTERMOUNTAIN DISTRIBUTING
1957,70912,COASTAL BEVERAGE
1958,94233,L & F DISTRIBUTORS
1959,43154,DANA DISTRIBUTORS
1960,40908,PEPIN DISTRIBUTING
1961,81617,CHAS. SELIGMAN DISTRIBUTING
1962,61346,MID AMERICA BEVERAGE
1965,71424,DOLL DISTRIBUTING
1966,63124,LAKE BEVERAGE
1969,84569,BROWN DISTRIBUTING
1971,62241,SCHOTT DISTRIBUTING
1973,3142,ARTHUR R GREN
1975,2864,CLARKE DISTRIBUTORS
1976,23125,SENECA BEVERAGE
1978,61346,MID AMERICA BEVERAGE
1982,24804,WISCONSIN DIST APPLETON
1986,93462,THE MAPLE CITY ICE COMPANY
1987,62155,FABIANO BROTHERS
1988,50405,NOR-CAL BEVERAGE
1989,30492,PACIFIC BEVERAGE COMPANY
1991,51311,BEST BEERS OF BLOOMINGTON
1993,63124,LAKE BEVERAGE
1994,63165,PLATTSBURGH DISTRIBUTING
1995,51140,WATKINS DIST SALES & SERVICE
1996,10976,STEPHENS DISTRIBUTING
1998,41200,CITY BEVERAGE-ARLINGTON HEIGHTS
1999,52237,THORPE DISTRIBUTING
1999,52237,THORPE DISTIBUTING CO
2000,73222,CITY BEVERAGE
2002,20445,BOTTOMLEY DISTRIBUTING
2004,71429,7G DISTRIBUTING
2005,33213,"ADAMS BEVERAGES OF NC, LLC "
2006,94682,KING BEVERAGE
2007,14617,MIDWAY BEVERAGE
2010,32112,BUD DISTRIBUTING
2013,31891,VALLEY DISTRIBUTORS
2014,62155,FABIANO BROTHERS
2015,64502,GUIFFRE DISTRIBUTING
2016,94681,TRIPP DISTRIBUTING
2021,62035,QUALITY BEVERAGE
2025,40451,DELTA SIERRA DISTRIBUTING
2032,30457,PACIFIC BEVERAGE
2033,73305,MCQUADE DISTRIBUTING
2035,63440,C & G DISTRIBUTING
2036,34712,PROUD EAGLE INC.
2038,64524,VIRGINIA EAGLE
2046,31891,VALLEY DISTRIBUTORS
2047,31891,VALLEY DISTRIBUTORS
2048,90489,MARKSTEIN BEV CO OF SACRAMENTO
2050,32711,NEVADA BEVERAGE
2051,10202,ROMER BEVERAGE COMPANY
2053,80498,ROBERT E CARTER
2055,2813,NEW HAMPSHIRE DISTRIBUTORS
2056,13198,SARATOGA EAGLE SALES
2058,63269,R A JEFFREYS DISTR CO RALEIGH
2061,32143,WEST SIDE BEER DISTRIBUTORS
2062,32112,BUD DISTRIBUTING
2063,33496,R L LIPTON DISTRIBUTING
2065,84146,EAGLE DISTRIBUTING
2066,94240,SILVER EAGLE DISTRIBUTORS
2069,63658,WESTERN BEVERAGE
2070,15113,K & L DISTRIBUTORS INC - ALASKA
2071,15113,K & L DISTRIBUTORS INC - ALASKA
2073,93421,THE HOUSE OF LAROSE
2075,63618,WESTERN BEVERAGE
2078,43458,CLASSIC BRANDS
2079,52171,GRIFFIN BEVERAGE
2080,32104,ATLAS SALES
2081,40915,GREAT BAY DISTRIBUTORS
2082,70427,TRIANGLE DIST
2083,44756,MONA SUPPLY
2084,72551,CARDINAL DISTRIBUTING
2086,64221,BEN E KEITH
2088,33104,SANZO AND SONS
2089,74505,WALLING DISTRIBUTING
2091,10986,EAGLE BRANDS
2093,73175,TRI-VALLEY BEVERAGE
2094,10403,MARKSTEIN BEVERAGE
2097,53164,DUTCHESS BEER
2098,3420,THE COLUMBUS DIST CO
2100,72118,HURON DISTRIBUTORS
2101,4699,KING BEVERAGE
2102,32148,LUDINGTON BEVERAGE
2104,43154,DANA DISTRIBUTORS
2106,42720,MORREY DISTRIBUTING
2111,10168,BAMA BUDWEISER OF SYLACAUGA
2113,10261,HENSLEY & CO PHOENIX
2114,20948,THE LEWIS BEAR COMPANY
2115,93411,ANHEUSER-BUSCH SALES OF CANTON
2116,13198,SARATOGA EAGLE SALES
2119,20423,M E FOX & COMPANY INC
2120,23161,NORTHERN EAGLE BEVERAGES
2121,84627,OLYMPIC EAGLE DISTRIBUTING
2123,14288,EAGLE DIST OF TEXARKANA TX LLC
2124,13426,SERVICE DIST CO DBA HEIDELBERG
2125,10500,ANHEUSER BUSCH
2127,64889,FABIANO BROTHERS
2130,2813,NEW HAMPSHIRE DISTRIBUTORS
2131,1583,STRATHMAN SALES
2132,31712,MOCKLER BEVERAGE
2133,34206,BROWN DISTRIBUTING
2134,33213,"ADAMS BEVERAGES OF NC, LLC "
2135,13131,BARTYZEL
2136,84512,VIRGINIA EAGLE DISTRIBUTING
2137,63221,HARRIS BEVERAGES
2142,72857,BELLAVANCE BEVERAGE
2143,31891,VALLEY DISTRIBUTORS
2146,13131,BARTYZEL
2147,82557,ZIP
2149,3461,MATESICH DISTRIBUTING
2151,10938,DOUBLE EAGLE DISTRIBUTING
2152,13198,SARATOGA EAGLE SALES
2153,41865,NATIONAL DISTRIBUTORS
2154,81018,EAGLE ROCK DISTRIBUTING
2159,33159,SANZO AND SONS
2160,84569,BROWN DISTRIBUTING
2164,33107,TRY-IT DISTRIBUTING CO
2166,13106,T J SHEEHAN
2175,32486,WIL FISCHER DISTRIBUTING
2178,31804,MAINE DISTRIBUTORS
2181,434,HEIMARK DISTRIBUTING CO
2183,41826,FEDERAL DISTRIBUTORS
2187,14697,COLUMBIA DISTRIBUTING
2188,15113,K & L DISTRIBUTORS INC - ALASKA
2189,42720,MORREY DISTRIBUTING
2191,23460,CITY BEVERAGE
2192,52132,PETERLIN BROS
2193,53475,CHOICE BRANDS OF OHIO
2196,84614,CROWN DISTRIBUTING
2197,33496,R L LIPTON DISTRIBUTING
2198,52226,CAPITOL BEVERAGE SALES
2199,53409,MUXIE DISTRIBUTING
2201,44223,L & F DISTRIBUTORS
2202,41865,NATIONAL DISTRIBUTORS
2207,24376,GENERAL DISTRIBUTING
2209,3461,MATESICH DISTRIBUTING
2210,33107,TRY-IT DISTRIBUTING CO
2211,33496,R L LIPTON DISTRIBUTING LLC
2213,22438,GREY EAGLE DISTRIBUTORS
2214,33916,K W ASSOCIATES
2218,70470,STRAUB DISTRIBUTING
2221,32486,WIL FISCHER DISTRIBUTING
2223,10500,ANHEUSER BUSCH
2231,71274,STERN BEVERAGE
2234,73175,TRI-VALLEY BEVERAGE
2237,70911,SUNCOAST BEVERAGE SALES
2238,32156,TYLER SALES
2239,44276,SILVER EAGLE DISTRIBUTORS
2241,4698,KING BEVERAGE
2242,70470,STRAUB DISTRIBUTING
2243,63618,WESTERN BEVERAGE
2244,34734,EAGLE DISTRIBUTING
2245,10403,MARKSTEIN BEVERAGE
2247,63269,R A JEFFREYS DISTR CO RALEIGH
2249,84610,KING BEVERAGE
2250,83414,HEIDELBERG DISTRIBUTING
2251,70441,A-B SALES OF POMONA
2253,10475,A-B SALES OF SAN DIEGO
2256,63236,HARRIS BEVERAGES
2257,94262,SILVER EAGLE DIST LP - CYPRESS
2259,82543,FLATHEAD BEVERAGE
2262,23161,NORTHERN EAGLE BEVERAGES
2265,53929,BUD OF GREENVILLE
2266,93421,THE HOUSE OF LAROSE
2269,4698,KING BEVERAGE
2270,515,STANDARD SALES - DURANGO
2271,64889,FABIANO BROTHERS
2273,62155,FABIANO BROTHERS
2275,93459,THE DICKERSON DISTRIBUTING
2276,71378,UNITED BEV CO OF SO BEND
2277,60426,DONAGHY SALES
2285,73175,TRI-VALLEY BEVERAGE
2292,70441,A-B SALES OF POMONA
2293,60521,STANDARD SALES CO LP-LITTLETON
2295,84569,BROWN DISTRIBUTING
2306,10194,GREENE BEVERAGE
2307,24376,GENERAL DISTRIBUTING
2309,93459,THE DICKERSON DISTRIBUTING
2310,84146,EAGLE DISTRIBUTING
2311,41380,AALCO DIST
2312,94572,P A SHORT DISTRIBUTING
2313,93421,THE HOUSE OF LAROSE
2316,93421,THE HOUSE OF LAROSE
2320,63618,WESTERN BEVERAGE
2322,54153,BUD OF MEMPHIS
2323,93421,THE HOUSE OF LAROSE
2325,84627,OLYMPIC EAGLE DISTRIBUTING
2330,2813,NEW HAMPSHIRE DISTRIBUTORS
2337,94572,P A SHORT DISTRIBUTING
2338,72177,H COX & SON
2339,61346,MID AMERICA BEVERAGE
2348,23912,SOUTHERN EAGLE OF SC
2350,23460,CITY BEVERAGE
2351,53164,DUTCHESS BEER
2352,52223,MC DONALD DISTRIBUTING
2354,12165,HUBERT DISTRIBUTORS
2355,33107,TRY-IT DISTRIBUTING CO
2358,62102,HURON DISTRIBUTORS
2359,93405,OHIO PRODUCTS DIST CO
2360,81018,EAGLE ROCK DISTRIBUTING
2370,13198,SARATOGA EAGLE SALES
2385,84627,OLYMPIC EAGLE DISTRIBUTING
2386,82079,WILLIAMS DISTRIBUTING
2387,40908,PEPIN DISTRIBUTING
2388,51363,JAY COUNTY BEVERAGE
2400,3413,CLASSIC BRANDS
2402,42704,BLACH DISTRIBUTING
2403,84627,OLYMPIC EAGLE DISTRIBUTING
2404,44276,SILVER EAGLE DISTRIBUTORS
2405,33107,TRY-IT DISTRIBUTING CO
2417,72118,HURON DISTRIBUTORS
2421,54846,BILLS DISTRIBUTING
2424,13198,SARATOGA EAGLE SALES
2426,3420,THE COLUMBUS DIST CO
2427,64221,BEN E KEITH
2428,11538,CITY BEVERAGE
2429,13426,SERVICE DIST CO DBA HEIDELBERG
2432,72648,DOUBLE EAGLE BEVERAGE
2434,52162,FOUR SEASONS BEER DISTRIBUTORS
2437,64524,VIRGINIA EAGLE
2438,64597,J F FICK INC
2439,94213,WISMER DISTRIBUTING CO
2440,23205,BUDWEISER OF SYLVA
2441,93459,THE DICKERSON DISTRIBUTING
2444,73175,TRI-VALLEY BEVERAGE
2447,83414,HEIDELBERG DISTRIBUTING
2448,62220,COLLEGE CITY BEVERAGE
2453,42723,VALLEY DISTRIBUTORS
2455,92569,EAGLE BEVERAGE
2457,90489,MARKSTEIN BEV CO OF SACRAMENTO
2458,20499,COUCH BEVERAGE
2459,40940,GOLD COAST EAGLE
2469,74632,MALETIS BEVERAGE
2471,3420,THE COLUMBUS DIST CO
2472,53296,R H BARRINGER
2474,64767,NORTHERN EAGLE
2475,81018,EAGLE ROCK DISTRIBUTING
2476,4699,KING BEVERAGE
2477,63618,WESTERN BEVERAGE
2479,10475,A-B SALES OF SAN DIEGO
2482,10261,HENSLEY & CO PHOENIX
2484,40979,SOUTHERN EAGLE
2485,91110,CENTENNIAL DISTRIBUTING
2491,51227,EARL GAUDIO & SON
2492,3666,HODGEN DISTRIBUTING
2494,10403,MARKSTEIN BEVERAGE
2496,53296,R H BARRINGER
2504,53164,DUTCHESS BEER
2505,94224,SILVER EAGLE DISTRIBUTING
2506,93421,THE HOUSE OF LAROSE
2508,41103,STEIN DISTRIBUTING
2509,44872,LARRYS DISTRIBUTING
2510,24827,DEAN DISTRIBUTING
2511,24348,BIG FOUR DISTRIBUTING
2512,10261,HENSLEY & CO PHOENIX
2513,71027,LEON FARMER & COMPANY
2515,10261,HENSLEY & CO PHOENIX
2517,70470,STRAUB DISTRIBUTING
2520,64597,J F FICK INC
2522,62160,PIKE DISTRIBUTORS
2526,70400,ANHEUSER-BUSCH
2529,74562,HOFFMAN BEVERAGE
2532,34854,WISCONSIN DISTRIBUTORS
2533,20950,THE LEWIS BEAR COMPANY
2534,30134,ADAMS BEVERAGES
2537,80453,FOOTHILL DISTRIBUTING
2539,94682,KING BEVERAGE
2541,93411,ANHEUSER-BUSCH SALES OF CANTON
2542,13451,C & G DISTRIBUTING
2544,11319,CALUMET BREWERIES
2545,24827,DEAN DISTRIBUTING
2547,43154,DANA DISTRIBUTORS
2549,94682,KING BEVERAGE
2550,74632,MALETIS BEVERAGE
2552,73669,MALETIS BEVERAGE
2554,10261,HENSLEY & CO PHOENIX
2559,12154,PETITPREN INC
2562,81560,WESTERN DISTRIBUTING
2563,1318,ORANGE COUNTY BEVERAGE
2564,94577,VIRGINIA EAGLE DISTRIBUTING
2565,94551,VIRGINIA EAGLE
2566,64757,JEFFERSON DISTRIBUTING
2576,34712,PROUD EAGLE INC.
2580,43231,R A JEFFREYS DISTRIBUTING
2581,13106,T J SHEEHAN
2584,81018,EAGLE ROCK DISTRIBUTING
2591,10976,STEPHENS DISTRIBUTING
2592,32711,NEVADA BEVERAGE
2593,32711,NEVADA BEVERAGE
2595,84614,CROWN DISTRIBUTING
2596,84614,CROWN DISTRIBUTING
2599,44276,SILVER EAGLE DISTRIBUTORS
2600,22438,GREY EAGLE DISTRIBUTORS
2605,3413,CLASSIC BRANDS
2606,33917,B & B DISTRIBUTORS
2608,82554,M & C BEVERAGE
2609,80465,A-B SALES - BEACH CITIES
2610,34796,MINGO BOTTLING
2612,44223,L & F DISTRIBUTORS
2613,93457,MANSFIELD DISTRIBUTING
2615,31090,JOHNSON DISTRIBUTING
2616,32465,KREY DISTRIBUTING COMPANY
2617,42704,BLACH DISTRIBUTING
2618,12165,HUBERT DISTRIBUTORS
2619,62155,FABIANO BROTHERS
2620,32128,WEST SIDE BEER DISTRIBUTING
2626,70923,NORTH FLORIDA SALES
2627,40908,PEPIN DISTRIBUTING
2628,91646,KENTUCKY EAGLE BEER
2630,91094,SOUTHERN EAGLE DIST
2631,12119,WEST SIDE BEER DISTRIBUTING-ROMULUS
2634,42804,WHITE MOUNTAIN
2637,43154,DANA DISTRIBUTORS
2643,62220,COLLEGE CITY BEVERAGE
2644,62155,FABIANO BROTHERS
2645,84569,BROWN DISTRIBUTING
2646,94568,VIRGINIA EAGLE
2647,64524,VIRGINIA EAGLE
2649,64221,BEN E KEITH
2652,3001,PREMIER DISTRIBUTING
2653,3010,PREMIER DISTRIBUTING
2656,3082,PREMIER DISTRIBUTING
2658,44856,BEECHWOOD SALES & SERVICE
2662,94577,VIRGINIA EAGLE DISTRIBUTING
2665,71702,CHAMPAGNE BEVERAGE
2667,64221,BEN E KEITH COMPANY
2668,44856,BEECHWOOD SALES & SERVICE
2671,10261,HENSLEY & CO PHOENIX
2672,50512,STANDARD SALES CO-PUEBLO
2678,71378,UNITED BEV CO OF SO BEND
2679,71378,UNITED BEV CO OF SO BEND
2680,71378,UNITED BEV CO OF SO BEND
2684,54761,J C MENSORE DISTRIBUTOR
2687,53929,BUD OF GREENVILLE
2688,84245,R & K DISTRIBUTORS
2690,10143,TURNER BEVERAGE
2691,1368,L C NADORFF & SON
2692,12154,PETITPREN INC
2693,62155,FABIANO BROTHERS
2694,22438,GREY EAGLE DISTRIBUTORS
2695,10922,CITY BEVERAGES
2696,64767,NORTHERN EAGLE
2700,12165,HUBERT DISTRIBUTORS
2702,32486,WIL FISCHER DISTRIBUTING
2703,43925,CROWN BEVERAGES
2704,33245,R H BARRINGER
2705,84549,PECHT DISTRIBUTORS INC
2706,61738,SOUTHERN EAGLE SALES & SERVICE
2708,60400,ANHEUSER-BUSCH
2712,43926,BETTER BRANDS
2713,10121,BIRMINGHAM BUD DISTRIBUTING
2714,21481,DOLL DISTRIBUTING
2715,22303,REX DISTRIBUTING
2716,61413,7G DISTRIBUTING
2717,12339,SOUTHERN BEVERAGE
2720,12344,SOUTHERN BEVERAGE
2722,15114,K & L DISTRIBUTORS INC - ALASKA
2723,10121,BIRMINGHAM BUD DISTRIBUTING
2724,94240,SILVER EAGLE DISTRIBUTORS
2725,3453,DELMAR DISTRIBUTING
2726,3420,THE COLUMBUS DIST CO
2727,10986,EAGLE BRANDS
2728,51229,SKEFF DISTRIBUTING
2729,60518,AMERICAN EAGLE DISTRIBUTING
2730,43272,CAROLINA EAGLE DIST
2732,81004,ATLANTA BEVERAGE
2733,11056,BIBB DISTRIBUTING
2734,3555,ANHEUSER-BUSCH SALES OF OK - OKC
2735,90489,MARKSTEIN BEV CO OF SACRAMENTO
2739,20162,BUDWEISER-BUSCH DIST
2740,40908,PEPIN DISTRIBUTING
2748,20162,BUDWEISER-BUSCH DIST
2749,33281,FOX DISTRIBUTING
2751,10500,ANHEUSER BUSCH
2752,10500,ANHEUSER BUSCH
2753,71027,LEON FARMER & COMPANY
2754,91006,A B BEVERAGE
2755,12344,SOUTHERN BEVERAGE
2757,4163,AJAX TURNER CO INC
2758,2813,NEW HAMPSHIRE DISTRIBUTORS
2760,20161,BUDWEISER-BUSCH DIST
2761,94568,VIRGINIA EAGLE
2762,94568,VIRGINIA EAGLE
2763,94233,L & F DISTRIBUTORS LLC
2764,81431,DOLL DISTRIBUTING
2765,94239,L & F DISTRIBUTORS LTD
2766,10261,HENSLEY & CO PHOENIX
2767,10261,HENSLEY & CO PHOENIX
2768,10261,HENSLEY & CO PHOENIX
2769,44276,SILVER EAGLE DIST LP
2771,61346,MID AMERICA BEVERAGE
2772,73291,R.A. JEFFREYS OF WILMINGTON
2774,3420,THE COLUMBUS DIST CO INC
2777,10256,GOLDEN EAGLE DISTRIBUTORS
2778,10257,GOLDEN EAGLE DISTRIBUTORS
2780,41103,STEIN DISTRIBUTING
2781,41103,STEIN DISTRIBUTING
2782,41103,STEIN DISTRIBUTING
2783,91646,KENTUCKY EAGLE BEER
2784,62630,H & H DISTRIBUTING
2785,63124,LAKE BEVERAGE
2786,51341,ZINK DISTRIBUTING
2787,51341,ZINK DISTRIBUTING
2788,51341,ZINK DISTRIBUTING
2789,40993,BROWN DISTRIBUTING
2793,53234,R H BARRINGER
2794,24348,BIG FOUR DISTRIBUTING
2795,84569,BROWN DISTRIBUTING
2796,40915,GREAT BAY DISTRIBUTORS
2803,3555,ANHEUSER-BUSCH SALES OF OK - OKC
2804,3555,ANHEUSER-BUSCH SALES OF OK - OKC
2805,84549,PECHT DISTRIBUTORS INC
2806,53978,BUDWEISER OF SPARTANBURG
2807,94577,VIRGINIA EAGLE DISTRIBUTING
2808,84569,BROWN DISTRIBUTING
2809,44723,ELKINS DISTRIBUTING
2810,34765,PROUD EAGLE INC
2811,71008,LEON FARMER & COMPANY
2812,62241,SCHOTT DISTRIBUTING
2813,54832,S & S DISTRIBUTING
2814,10986,EAGLE BRANDS
2817,11206,LAKESHORE BEVERAGE (MARKHAM)
2818,11319,CALUMET BREWERIES INC
2819,41380,AALCO DIST
2820,2217,HAGEN BEV DIST
2821,84569,BROWN DISTRIBUTING
2822,71702,CHAMPAGNE BEVERAGE
2823,34765,PROUD EAGLE INC
2827,61413,7G DISTRIBUTING
2831,51188,WATKINS DIST SALES & SERVICE
2832,23912,SOUTHERN EAGLE OF SC
2833,44716,BEVERAGE DISTRIBUTORS
2836,63269,R A JEFFREYS DISTR CO RALEIGH
2837,32711,NEVADA BEVERAGE
2838,32711,NEVADA BEVERAGE
2842,70470,STRAUB DISTRIBUTING
2843,30958,TRI-EAGLE SALES
2844,13198,SARATOGA EAGLE SALES
2845,63269,R A JEFFREYS DISTR CO RALEIGH
2846,52311,A&B DISTRIBUTING
2847,72668,QUALITY BRANDS OF OMAHA
2849,34765,PROUD EAGLE INC
2852,54792,CARENBAUER DISTRIBUTING
2855,31566,CRAWFORD SALES COMPANY
2856,32441,COUNTY BEVERAGE
2857,32464,NORTH K C BEVERAGE
2859,63124,LAKE BEVERAGE
2860,21075,SOUTHERN EAGLE DIST
2861,41103,STEIN DISTRIBUTING
2862,41103,STEIN DISTRIBUTING
2864,44276,SILVER EAGLE DISTRIBUTORS
2869,42146,M & M DISTRIBUTORS
2872,12119,WEST SIDE BEER DISTRIBUTING-ROMULUS
2873,12165,HUBERT DISTRIBUTORS
2874,13198,SARATOGA EAGLE SALES
2881,10922,CITY BEVERAGES
2882,52237,THORPE DISTRIBUTING
2883,64221,BEN E KEITH
2884,32711,NEVADA BEVERAGE
2886,70427,TRIANGLE DIST
2889,71429,7G DISTRIBUTING
2890,11056,BIBB DISTRIBUTING
2891,24264,STANDARD SALES
2892,60521,STANDARD SALES CO LP-LITTLETON
2893,31507,DEMO DISTRIBUTORS INC
2908,63269,R A JEFFREYS DISTR CO RALEIGH
2910,33496,R L LIPTON DISTRIBUTING
2911,83167,EAGLE BEVERAGE
2912,12119,WEST SIDE BEER DISTRIBUTING-ROMULUS
2913,61738,SOUTHERN EAGLE SALES & SERVICE
2914,93411,ANHEUSER-BUSCH SALES OF CANTON
2918,64221,BEN E KEITH
2920,70918,NORTH FLORIDA SALES
2921,24338,WASATCH DISTRIBUTING
2922,20285,GOLDEN EAGLE DISTRIBUTORS
2923,72508,INTERMOUNTAIN DISTRIBUTING
2925,90489,MARKSTEIN BEV CO OF SACRAMENTO
2926,64221,BEN E KEITH
2927,73664,MORGAN DISTRIBUTING
2928,23912,SOUTHERN EAGLE OF SC
2929,63269,R A JEFFREYS DISTR CO RALEIGH
2932,84146,EAGLE DISTRIBUTING
2933,34732,THE AMERICAN BEER COMPANY
2934,51227,EARL GAUDIO & SON
2935,81431,DOLL DISTRIBUTING
2936,44856,BEECHWOOD SALES & SERVICE
2937,42248,SUNNY HILL DISTRIBUTORS
2938,41732,SCHILLING DISTRIBUTING
2939,12344,SOUTHERN BEVERAGE
2941,81019,ATLANTA BEVERAGE CO GGP
2948,70427,TRIANGLE DIST
2950,70400,ANHEUSER-BUSCH
2951,70400,ANHEUSER-BUSCH
2955,32441,COUNTY BEVERAGE
2956,11206,CITY BEVERAGE MARKHAM
2957,82210,D-S BEVERAGES INC
2958,24804,WISCONSIN DIST APPLETON
2962,10938,DOUBLE EAGLE DISTRIBUTING
2963,10938,DOUBLE EAGLE DISTRIBUTING
2966,93421,THE HOUSE OF LAROSE
2967,81617,CHAS. SELIGMAN DISTRIBUTING
2968,81617,CHAS. SELIGMAN DISTRIBUTING
2973,64221,BEN E KEITH
2978,64225,BEN E KEITH
2980,64225,BEN E KEITH
2986,24804,WISCONSIN DIST APPLETON
2987,10976,STEPHENS DISTRIBUTING
2988,61014,EAGLE ROCK OF DALTON
2990,14028,ELLWEIN BROTHERS DISTRIBUTING
2991,34206,BROWN DISTRIBUTING
2992,23125,SENECA BEVERAGE
2993,94224,SILVER EAGLE DISTRIBUTING
2994,32479,OMALLEY BEVERAGE
2996,64247,BEN E KEITH
3004,21203,LAKESHORE BEVERAGE (CHICAGO)
3008,81019,ATLANTA BEVERAGE CO GGP
3014,64221,BEN E KEITH COMPANY
3017,4163,AJAX TURNER
3018,50501,STANDARD SALES CO LP-COLO SPR
3044,64225,BEN E KEITH
3053,84614,CROWN DISTRIBUTING CO
3055,93500,ANHEUSER-BUSCH SALES OF OK
3057,44276,SILVER EAGLE DISTRIBUTORS
3059,12390,SOUTHERN BEV CO INC
3067,81018,EAGLE ROCK DISTRIBUTING
3075,20948,THE LEWIS BEAR COMPANY
3077,64524,VIRGINIA EAGLE
3088,52250,C&L DISTRIBUTING INC
3093,41103,STEIN DISTRIBUTING
3102,52250,C&L DISTRIBUTING INC
3103,11597,THE HOUSE OF SCHWAN
3106,44276,SILVER EAGLE DISTRIBUTORS
3112,44276,SILVER EAGLE DISTRIBUTORS
3119,20948,THE LEWIS BEAR COMPANY
3136,44223,DESERT EAGLE DISTRIBUTING
3137,4163,AJAX TURNER CO INC
3150,71424,DOLL DISTRIBUTING INC
3151,72668,QUALITY BRANDS
3167,61738,SOUTHERN EAGLE SALES
3169,34206,BROWN DISTRIBUTING CO LTD
3170,34206,BROWN DISTRIBUTING CO LTD
3177,60518,AMERICAN EAGLE DISTRIBUTING
3180,70427,TRIANGLE DIST CO INC
3182,63221,HARRIS BEVERAGES
3188,81018,EAGLE ROCK DISTRIBUTING
3191,53929,BUD OF GREENVILLE
3192,53929,BUD OF GREENVILLE
3197,40908,PEPIN DISTRIBUTING CO
3201,81004,ATLANTA BEVERAGE
3205,81004,ATLANTA BEVERAGE
3206,13451,C & G DISTRIBUTING
3207,20922,WAYNE DENSCH
3208,24348,BIG FOUR DISTRIBUTING
3209,52250,C&L DISTRIBUTING INC
3210,51229,SKEFF DISTRIBUTING
3213,94216,SILVER EAGLE DISTRIBUTING
3214,74562,HOFFMAN BEVERAGE
3215,44756,MONA SUPPLY
3216,74562,HOFFMAN BEVERAGE
3217,14617,MIDWAY BEVERAGE
3218,84627,OLYMPIC EAGLE DISTRIBUTING
3219,74563,M PRICE DISTRIBUTING
3220,24302,BALD EAGLE BEVERAGE
3221,23125,SENECA BEVERAGE
3222,53929,BUD OF GREENVILLE
3224,64221,BEN E KEITH
3225,64221,BEN E KEITH
3226,94262,SILVER EAGLE DIST LP - CYPRESS
3227,50501,STANDARD SALES CO-CO SPRINGS
3229,74298,FALLS DISTRIBUTING
3230,350,GOLDEN EAGLE OF ARKANSAS INC
3232,24376,GENERAL DISTRIBUTING
3233,82212,BIG NORTH DISTRIBUTING
3234,74142,HOLSTON DISTRIBUTING
3235,10986,EAGLE BRANDS
3237,4091,BEAL DISTRIBUTING
3239,63618,WESTERN BEVERAGE
3241,10261,HENSLEY & CO PHOENIX
3243,94572,P A SHORT DISTRIBUTING
3245,44882,SUPERIOR BEVERAGES
3248,70470,STRAUB DISTRIBUTING
3250,93421,THE HOUSE OF LAROSE
3251,3413,CLASSIC BRANDS
3254,42720,MORREY DISTRIBUTING
3255,51229,SKEFF DISTRIBUTING
3258,63618,WESTERN BEVERAGE
3259,82557,ZIP
3260,14617,MIDWAY BEVERAGE
3261,4699,KING BEVERAGE
3262,3461,MATESICH DISTRIBUTING
3265,74563,M PRICE DISTRIBUTING
3267,72668,QUALITY BRANDS OF OMAHA
3268,24827,DEAN DISTRIBUTING
3269,41826,FEDERAL DISTRIBUTORS
3270,94568,VIRGINIA EAGLE
3271,10168,BAMA BUDWEISER OF SYLACAUGA
3273,31566,CRAWFORD SALES COMPANY
3274,64225,BEN E KEITH
3277,42720,MORREY DISTRIBUTING
3278,72648,DOUBLE EAGLE BEVERAGE
3279,44276,SILVER EAGLE DISTRIBUTORS
3280,63124,LAKE BEVERAGE
3282,43458,CLASSIC BRANDS ATHENS
3283,11597,THE HOUSE OF SCHWAN
3284,64225,BEN E KEITH
3285,64225,BEN E KEITH
3286,64247,BEN E KEITH
3288,31712,MOCKLER BEVERAGE
3289,53296,R H BARRINGER
3293,93421,THE HOUSE OF LAROSE
3294,11600,ANHEUSER-BUSCH
3295,93500,ANHEUSER-BUSCH SALES OF OK
3296,94224,SILVER EAGLE DISTRIBUTING
3297,94262,SILVER EAGLE DIST LP - CYPRESS
3298,94231,DEL PAPA DISTRIBUTING
3300,13451,C & G DISTRIBUTING
3302,94224,SILVER EAGLE DISTRIBUTING
3303,74505,WALLING DISTRIBUTING
3304,53234,R H BARRINGER
3305,53296,R H BARRINGER
3307,30958,TRI-EAGLE SALES
3308,70918,NORTH FLORIDA SALES
3309,70918,NORTH FLORIDA SALES
3310,10906,DAYTONA BEVERAGES
3311,10986,EAGLE BRANDS
3313,10500,ANHEUSER BUSCH
3319,64287,JACK HILLIARD DIST
3320,94233,L & F DISTRIBUTORS
3324,44872,LARRYS DISTRIBUTING
3328,32128,WEST SIDE BEER DISTRIBUTING
3329,83151,A CAPPIONE
3331,366,M K DISTRIBUTORS
3332,83167,EAGLE BEVERAGE
3334,13198,SARATOGA EAGLE SALES
3336,12119,WEST SIDE BEER DISTRIBUTING-ROMULUS
3342,83406,CLERMONT DISTRIBUTING
3344,64524,VIRGINIA EAGLE
3347,40919,BERNIE LITTLE DISTRIBUTORS
3348,40993,BROWN DISTRIBUTING
3349,40925,PEACE RIVER DISTRIBUTING
3350,32711,NEVADA BEVERAGE
3351,32711,NEVADA BEVERAGE
3352,40451,DELTA SIERRA DISTRIBUTING
3360,10261,HENSLEY & CO PHOENIX
3362,1638,BUDWEISER OF HOPKINSVILLE
3363,31666,BUDWEISER OF OWENSBORO
3364,52226,CAPITOL BEVERAGE SALES
3366,24376,GENERAL DISTRIBUTING
3367,23912,SOUTHERN EAGLE OF SC
3370,40940,GOLD COAST EAGLE
3371,33213,"ADAMS BEVERAGES OF NC, LLC "
3372,40901,GREAT BAY DISTRIBUTORS INC
3379,20285,GOLDEN EAGLE DISTRIBUTORS
3380,4699,KING BEVERAGE
3381,64242,BEN E KEITH
3382,50512,STANDARD SALES CO-PUEBLO
3383,24202,BUDWEISER DISTRIBUTING
3384,24202,BUDWEISER DISTRIBUTING
3386,10121,BIRMINGHAM BUD DISTRIBUTING
3387,40940,GOLD COAST EAGLE
3388,81018,EAGLE ROCK DISTRIBUTING
3389,81018,EAGLE ROCK DISTRIBUTING
3390,94216,SILVER EAGLE DISTRIBUTING
3391,44266,TRI-CITY DISTRIBUTORS
3394,71424,DOLL DISTRIBUTING
3395,62630,H & H DISTRIBUTING
3397,10986,EAGLE BRANDS
3400,11209,SUPERIOR BEVERAGE
3401,81004,ATLANTA BEVERAGE
3402,81004,ATLANTA BEVERAGE
3403,81019,ATLANTA BEVERAGE CO GGP
3406,64221,BEN E KEITH
3407,10256,GOLDEN EAGLE DISTRIBUTORS
3408,42709,CAPITAL BEVERAGES
3415,40915,GREAT BAY DISTRIBUTORS
3417,70912,COASTAL BEVERAGE
3418,40908,PEPIN DISTRIBUTING CO
3423,3082,PREMIER DISTRIBUTING
3425,94240,SILVER EAGLE DISTRIBUTORS
3427,13072,L&F DISTRIBUTORS LTD
3428,3023,PREMIER DISTRIBUTING
3430,3555,ANHEUSER-BUSCH SALES OF OK - OKC
3431,64225,BEN E KEITH
3432,64221,BEN E KEITH
3433,64221,BEN E KEITH
3434,41200,CITY BEVERAGE - ARLINGTON HTS
3435,51341,ZINK DISTRIBUTING
3436,71378,UNITED BEV CO OF SO BEND
3439,20950,THE LEWIS BEAR COMPANY
3445,23486,TREU HOUSE OF MUNCH
3447,3420,THE COLUMBUS DIST CO
3453,32128,WEST SIDE BEER DIST
3454,24338,WASATCH DISTRIBUTING
3459,21214,CITY BEVERAGE
3460,21270,BREWERS DISTRIBUTING
3461,81049,LA GRANGE GROCERY
3462,81018,EAGLE ROCK DISTRIBUTING
3463,40908,PEPIN DISTRIBUTING
3464,70441,A-B SALES OF POMONA
3465,10261,HENSLEY & CO PHOENIX
3471,81019,ATLANTA BEVERAGE CO GGP
3472,91110,CENTENNIAL DISTRIBUTING
3473,32711,NEVADA BEVERAGE
3474,40940,GOLD COAST EAGLE
3476,12119,WEST SIDE BEER DISTRIBUTING-ROMULUS
3477,80465,A-B SALES - BEACH CITIES
3480,74505,WALLING DISTRIBUTING
3482,64221,BEN E KEITH
3483,71741,BUQUET DISTRIBUTING
3484,20950,THE LEWIS BEAR COMPANY
3485,71027,LEON FARMER & COMPANY
3486,43458,CLASSIC BRANDS
3487,12154,PETITPREN INC
3488,44856,BEECHWOOD SALES & SERVICE
3492,11597,THE HOUSE OF SCHWAN
3495,4109,BUD OF CLARKSVILLE
3497,44872,LARRYS DISTRIBUTING
3499,44888,RIVER CITY DISTRIBUTING
3500,94213,WISMER DISTRIBUTING
3502,93459,THE DICKERSON DISTRIBUTING
3503,33245,R H BARRINGER
3505,34854,WISCONSIN DISTRIBUTORS
3510,94231,DEL PAPA DISTRIBUTING
3511,91110,CENTENNIAL DISTRIBUTING
3513,62220,COLLEGE CITY BEVERAGE
3515,3413,CLASSIC BRANDS
3516,10475,A-B SALES OF SAN DIEGO
3518,4249,L & F DISTRIBUTORS
3522,70441,A-B SALES OF POMONA
3523,70400,ANHEUSER-BUSCH
3525,84627,OLYMPIC EAGLE DISTRIBUTING
3526,40915,GREAT BAY DISTRIBUTORS
3527,40979,SOUTHERN EAGLE
3528,12339,SOUTHERN BEVERAGE
3529,51341,ZINK DISTRIBUTING
3531,84627,OLYMPIC EAGLE DISTRIBUTING
3533,10500,ANHEUSER BUSCH
3534,62220,COLLEGE CITY BEVERAGE
3535,2813,NEW HAMPSHIRE DISTRIBUTORS
3537,84627,OLYMPIC EAGLE DISTRIBUTING
3538,10903,CARROLL DISTRIBUTING
3566,10500,ANHEUSER BUSCH
3567,94233,L & F DISTRIBUTORS LTD
3568,24376,GENERAL DISTRIBUTING
3569,34206,BROWN DISTRIBUTING
3570,91006,A B BEVERAGE
3571,93459,THE DICKERSON DISTRIBUTING
3572,94231,DEL PAPA DISTRIBUTING
3573,64597,J F FICK INC
3580,3461,MATESICH DISTRIBUTING
3581,3461,MATESICH DISTRIBUTING
3582,50501,STANDARD SALES CO-CO SPRINGS
3583,13198,SARATOGA EAGLE SALES
3588,64597,J F FICK INC
3589,24376,GENERAL DISTRIBUTING
3590,21479,L & L DISTRIBUTING
3591,94216,SILVER EAGLE DISTRIBUTING
3595,63269,R A JEFFREYS DISTR CO RALEIGH
3596,3001,PREMIER DISTRIBUTING
3597,41273,LAMONICA BEVERAGES
3601,11206,CITY BEVERAGE MARKHAM
3602,51229,SKEFF DISTRIBUTING
3607,33104,SANZO AND SONS
3608,93421,THE HOUSE OF LAROSE
3609,81004,ATLANTA BEVERAGE
3610,11600,ANHEUSER-BUSCH
3612,53234,R H BARRINGER
3616,71702,CHAMPAGNE BEVERAGE
3620,24376,GENERAL DISTRIBUTING
3621,81018,EAGLE ROCK DISTRIBUTING
3623,4249,L & F DISTRIBUTORS
3624,52237,THORPE DISTRIBUTING
3625,10938,DOUBLE EAGLE DISTRIBUTING
3626,53296,R H BARRINGER
3627,71027,LEON FARMER & COMPANY
3630,61413,7G DISTRIBUTING
3631,64225,BEN E KEITH
3632,62103,SMITH DISTRIBUTING
3639,64524,VIRGINIA EAGLE DIST
3640,94240,SILVER EAGLE DISTRIBUTORS
3641,13426,SERVICE DIST CO DBA HEIDELBERG
3643,54832,S & S DISTRIBUTING
3644,74562,HOFFMAN BEVERAGE
3645,24264,STANDARD SALES
3648,73305,MCQUADE DISTRIBUTING
3652,90489,MARKSTEIN BEV CO OF SACRAMENTO
3656,83414,HEIDELBERG DISTRIBUTING
3658,53234,R H BARRINGER
3659,64113,BUD OF CHATTANOOGA
3660,64113,BUD OF CHATTANOOGA
3700,33213,"ADAMS BEVERAGES OF NC, LLC "
3701,43231,R A JEFFREYS DISTRIBUTING
3702,70918,NORTH FLORIDA SALES
3705,84627,OLYMPIC EAGLE DISTRIBUTING
3708,90489,MARKSTEIN BEV CO OF SACRAMENTO
3709,81018,EAGLE ROCK DISTRIBUTING
3712,90489,MARKSTEIN BEV CO OF SACRAMENTO
3717,4163,AJAX TURNER
3722,93421,THE HOUSE OF LAROSE
3725,41200,CITY BEVERAGE - ARLINGTON HTS
3726,62155,FABIANO BROTHERS
3728,32711,NEVADA BEVERAGE
3729,42720,MORREY DISTRIBUTING
3730,10261,HENSLEY & CO - PHOENIX
3731,3001,PREMIER DISTRIBUTING
3732,3001,PREMIER DISTRIBUTING
3733,33917,B & B DISTRIBUTORS
3734,24097,JOHN A CONKLING DIST
3739,41103,STEIN DISTRIBUTING
3741,81004,ATLANTA BEVERAGE
3742,74632,MALETIS BEVERAGE
3747,51397,TERRANCE A SMITH
3748,81019,ATLANTA BEVERAGE CO GGP
3749,83414,HEIDELBERG DISTRIBUTING
3750,11056,BIBB DISTRIBUTING
3751,10257,GOLDEN EAGLE DISTRIBUTORS
3754,14697,COLUMBIA DISTRIBUTING
3757,84614,CROWN DISTRIBUTING
3758,82204,ANDERSON BEVERAGES
3760,52219,TOW DISTRIBUTING
3761,82214,NORTHWEST BEVERAGE
3762,81431,DOLL DISTRIBUTING
3763,44223,L & F DISTRIBUTORS
3764,84245,R & K DISTRIBUTORS INC
3765,13426,SERVICE DIST CO DBA HEIDELBERG
3768,94522,DANVILLE DISTRIBUTING
3770,94522,DANVILLE DISTRIBUTING
3771,10261,HENSLEY & CO PHOENIX
3772,74505,WALLING DISTRIBUTING
3773,64225,BEN E KEITH
3775,81004,ATLANTA BEVERAGE
3777,64247,BEN E KEITH
3778,34911,CASPER BEVERAGE
3781,51341,ZINK DISTRIBUTING
3782,10922,CITY BEVERAGES
3783,13426,SERVICE DIST CO DBA HEIDELBERG
3784,93459,THE DICKERSON DISTRIBUTING
3785,20950,THE LEWIS BEAR COMPANY
3786,81018,EAGLE ROCK DISTRIBUTING
3789,24338,WASATCH DISTRIBUTING
3790,11206,CITY BEVERAGE MARKHAM
3791,32143,WEST SIDE BEER DISTRIBUTORS
3792,3461,MATESICH DISTRIBUTING
3794,84627,OLYMPIC EAGLE DISTRIBUTING
3796,70441,ANHEUSER BUSCH OF POMONA
3799,10261,HENSLEY & CO PHOENIX
3801,84614,CROWN DISTRIBUTING
3805,50501,STANDARD SALES CO-CO SPRINGS
3806,52219,TOW DISTRIBUTING
3807,20288,SOUTHERN ARIZONA DISTRIBUTING
3809,23430,BEERCO
3811,34732,THE AMERICAN BEER COMPANY
3812,3420,THE COLUMBUS DIST CO
3814,15112,K & L DISTRIBUTORS
3823,72648,DOUBLE EAGLE BEVERAGE
3824,10500,ANHEUSER BUSCH
3825,43231,R A JEFFREYS DISTRIBUTING
3826,14267,STANDARD SALES CO LP - LUBBOCK
3827,94224,SILVER EAGLE DISTRIBUTING
3828,84245,R & K DISTRIBUTORS
3829,74142,HOLSTON DISTRIBUTING
3831,74562,HOFFMAN BEVERAGE
3833,10261,HENSLEY & CO PHOENIX
3835,64113,BUD OF CHATTANOOGA
3837,41273,LAMONICA BEVERAGES
3840,23430,BEERCO
3842,63124,LAKE BEVERAGE
3847,32711,NEVADA BEVERAGE
3848,24338,WASATCH DISTRIBUTING
3850,84627,OLYMPIC EAGLE DISTRIBUTING
3851,61346,MID AMERICA BEVERAGE
3852,74142,HOLSTON DISTRIBUTING
3853,14028,ELLWEIN BROTHERS DISTRIBUTING
3857,34854,WISCONSIN DISTRIBUTORS
3858,10938,DOUBLE EAGLE DISTRIBUTING
3860,33496,R L LIPTON DISTRIBUTING
3861,10261,HENSLEY & CO PHOENIX
3864,73291,R.A. JEFFREYS OF WILMINGTON
3867,10500,ANHEUSER BUSCH
3868,81774,EAGLE DIST OF SHREVEPORT
3869,84569,BROWN DISTRIBUTING
3872,94073,EAGLE SALES OF THE BLACK HILLS
3874,71027,LEON FARMER & COMPANY
3876,32156,TYLER SALES
3877,90913,BURKHARDT SALES AND SERVICE
3884,20285,GOLDEN EAGLE DISTRIBUTORS INC
3886,94233,L & F DISTRIBUTORS
3887,40920,BERNIE LITTLE DIST INC-SEBRIN
3888,44276,SILVER EAGLE DISTRIBUTORS
3889,63269,R A JEFFREYS DISTR CO RALEIGH
3891,41200,CITY BEVERAGE - ARLINGTON HTS
3893,41200,CITY BEVERAGE - ARLINGTON HTS
3894,91646,KENTUCKY EAGLE BEER
3896,10261,HENSLEY & CO PHOENIX
3897,51188,WATKINS DIST SALES & SERVICE
4064,74562,HOFFMAN BEVERAGE CO
4065,73291,R A JEFFREYS DISTRIBUTING
4068,24348,BIG FOUR DISTRIBUTING INC
4103,44276,SILVER EAGLE DIST LP
4108,10327,MCBRIDE DISTRIBUTING CO INC
4112,94239,L & F DISTRIBUTORS LTD
4118,1603,SMITH BROTHERS DISTRIBUTING CO
4129,71702,CHAMPAGNE BEVERAGE CO INC
4130,34206,BROWN DISTRIBUTING COMPANY LTD
4131,44276,SILVER EAGLE DISTRIBUTORS
4137,84627,OLYMPIC EAGLE DISTRIBUTING
4144,91006,A B BEVERAGE CO INC
4161,10986,EAGLE BRANDS
4162,44276,SILVER EAGLE DIST LP
4163,10327,MCBRIDE DISTRIBUTING CO INC
4164,64221,BEN E KEITH COMPANY
4165,64225,BEN E KEITH COMPANY
4166,64115,TARVER DISTRIBUTING
4171,70470,STRAUB DISTRIBUTING
4176,73669,MALETIS BEVERAGE
4183,64210,JACK HILLIARD DIST CO INC
4185,71027,LEON FARMER & CO
4187,10125,SHOALS DISTRIBUTING INC
4191,84569,BROWN DISTRIBUTING CO INC
4194,54294,DEL PAPA DISTRIBUTING
4195,3555,ANHEUSER-BUSCH SALES OF OK
4200,1015,B & B BEVERAGE
4201,3001,PREMIER DISTRIBUTING
4202,50405,NOR-CAL BEVERAGE CO INC
4208,24376,GENERAL DISTRIBUTING
4209,72648,DOUBLE EAGLE BEVERAGE
4215,64230,BEN E KEITH
4216,51317,BARTHOLOMEW COUNTY BEVERAGE
4219,34206,BROWN DISTRIBUTING
4221,73669,MALETIS BEVERAGE
4223,84146,EAGLE DISTRIBUTING
4224,33237,THE BEST OF BEERS
4226,64113,BUD OF CHATTANOOGA
4230,41380,AALCO DIST
4231,41380,AALCO DIST
4232,10261,HENSLEY & CO PHOENIX
4235,81394,DEVER DISTRIBUTING
4237,33917,B & B DISTRIBUTORS
4238,60426,DONAGHY SALES
4239,42720,MORREY DISTRIBUTING
4240,64247,BEN E KEITH
4241,3555,ANHEUSER-BUSCH SALES OF OK - OKC
4243,62155,FABIANO BROTHERS
4244,82212,BIG NORTH DISTRIBUTING
4246,82210,D-S BEVERAGES INC
4247,92574,HAVRE DISTRIBUTORS
4249,91110,CENTENNIAL DISTRIBUTING
4250,63221,HARRIS BEVERAGES
4252,10216,GOLDEN EAGLE DISTRIBUTORS
4253,52209,H BOYD NELSON
4255,93462,THE MAPLE CITY ICE COMPANY
4256,81431,DOLL DISTRIBUTING
4257,62241,SCHOTT DISTRIBUTING
4258,64597,J F FICK INC
4259,51264,RONCHETTI DISTRIBUTING
4260,40979,SOUTHERN EAGLE
4262,30958,TRI-EAGLE SALES
4272,24320,MARTYS DISTRIBUTING
4273,73291,R.A. JEFFREYS OF WILMINGTON
4274,33210,STANDARD DISTRIBUTORS
4277,34712,PROUD EAGLE INC.
4278,34712,PROUD EAGLE INC.
4279,64221,BEN E KEITH
4281,14818,PARK RIDGE DISTRIBUTING INC
4283,1015,B & B BEVERAGE
4284,10500,ANHEUSER BUSCH
4285,93421,THE HOUSE OF LAROSE
4286,11209,SUPERIOR BEVERAGE
4288,10500,ANHEUSER BUSCH
4295,21703,SOUTHWEST BEVERAGE
4298,94240,SILVER EAGLE DISTRIBUTORS
4299,14267,STANDARD SALES CO LP - LUBBOCK
4303,10986,EAGLE BRANDS SALES
4309,90489,MARKSTEIN BEV CO OF SACRAMENTO
4318,30166,BAMA BUD OF MONTGOMERY
4321,11597,THE HOUSE OF SCHWAN
4322,72648,DOUBLE EAGLE BEVERAGE
4323,11206,CITY BEVERAGE MARKHAM
4325,30295,SUN VALLEY BEVERAGE
4330,10168,BAMA BUDWEISER OF SYLACAUGA
4332,10922,CITY BEVERAGES
4333,20162,BUDWEISER-BUSCH DIST
4334,23201,BUDWEISER OF ASHEVILLE
4335,50501,STANDARD SALES CO-CO SPRINGS
4336,10261,HENSLEY & CO PHOENIX
4337,30295,SUN VALLEY BEVERAGE
4340,406,R & S BEVERAGE COMPANY
4341,3044,PREMIER DISTRIBUTING
4342,93421,THE HOUSE OF LAROSE
4350,84552,AL PUGH DISTRIBUTING
4356,32711,NEVADA BEVERAGE
4358,72668,QUALITY BRANDS OF OMAHA
4359,15113,K & L DISTRIBUTORS INC - ALASKA
4368,40924,TRI EAGLE
4369,63221,HARRIS BEVERAGES
4370,42723,VALLEY DISTRIBUTORS
4372,44787,PRESTON SILVER EAGLE
4374,52250,C&L DISTRIBUTING INC
4377,60503,B & K DISTRIBUTING
4378,74517,WENDELL DISTRIBUTING
4379,33916,K W ASSOCIATES
4381,32486,WIL FISCHER DISTRIBUTING
4383,12122,GREAT LAKES BEVERAGE CO
4384,23912,SOUTHERN EAGLE OF SC
4389,42804,WHITE MOUNTAIN
4392,406,R & S BEVERAGE CO
4393,90489,MARKSTEIN BEV CO OF SACRAMENTO
4394,94682,KING BEVERAGE
4395,91110,CENTENNIAL DISTRIBUTING
4399,71378,UNITED BEV CO OF SO BEND
4403,13198,SARATOGA EAGLE SALES
4405,11209,SUPERIOR BEVERAGE
4407,30166,BAMA BUD OF MONTGOMERY
4409,61014,EAGLE ROCK OF DALTON
4410,33237,THE BEST OF BEERS
4412,72508,INTERMOUNTAIN DISTRIBUTING
4414,4110,BUD OF COOKEVILLE
4416,94262,SILVER EAGLE DIST LP - CYPRESS
4417,51341,ZINK DISTRIBUTING
4420,33916,K W ASSOCIATES
4423,64757,JEFFERSON DISTRIBUTING
4424,12154,PETITPREN INC
4427,30958,TRI-EAGLE SALES
4428,23201,BUDWEISER OF ASHEVILLE
4430,10257,GOLDEN EAGLE DISTRIBUTORS
4435,4163,AJAX TURNER
4436,71027,LEON FARMER & COMPANY
4438,24348,BIG FOUR DISTRIBUTING
4439,32143,WEST SIDE BEER DIST
4440,33916,K W ASSOCIATES
4444,90927,BURKHARDT SALES AND SERVICE
4446,40993,BROWN DISTRIBUTING
4450,11600,ANHEUSER-BUSCH
4451,10261,HENSLEY & CO PHOENIX
4457,43925,CROWN BEVERAGES
4458,63269,R A JEFFREYS DISTR CO RALEIGH
4459,43272,CAROLINA EAGLE DIST
4460,350,GOLDEN EAGLE OF ARKANSAS
4472,81004,ATLANTA BEVERAGE
4474,15113,K & L DISTRIBUTORS INC - ALASKA
4475,31566,CRAWFORD SALES COMPANY
4476,84569,BROWN DISTRIBUTING
4477,53234,R H BARRINGER
4479,23486,TREU HOUSE OF MUNCH
4482,4163,AJAX TURNER
4483,4109,BUD OF CLARKSVILLE
4484,63269,R A JEFFREYS DISTR CO RALEIGH
4487,93901,A B BEVERAGE
4488,20499,COUCH BEVERAGE
4497,10121,BIRMINGHAM BUD DISTRIBUTING
4499,63269,R A JEFFREYS DISTR CO RALEIGH
4506,33916,K W ASSOCIATES
4508,94233,L & F DISTRIBUTORS
4509,64225,BEN E KEITH
4511,71274,STERN BEVERAGE
4514,64524,VIRGINIA EAGLE
4520,30958,TRI-EAGLE SALES
4521,33916,K W ASSOCIATES
4526,94262,SILVER EAGLE DIST LP - CYPRESS
4529,11206,CITY BEVERAGE MARKHAM
4531,11206,CITY BEVERAGE MARKHAM
4533,54139,CENTRAL DISTRIBUTORS
4538,94262,SILVER EAGLE DIST LP - CYPRESS
4540,42146,M & M DISTRIBUTORS
4543,30248,ROMER BEVERAGE 
4553,32441,COUNTY BEVERAGE
4554,34206,BROWN DISTRIBUTING
4556,21075,SOUTHERN EAGLE DIST
4557,32711,NEVADA BEVERAGE
4558,71008,LEON FARMER & COMPANY
4564,43231,R A JEFFREYS DISTRIBUTING
4567,10500,ANHEUSER BUSCH
4568,72626,EAGLE DISTRIBUTING
4570,43154,DANA DISTRIBUTORS
4574,33213,"ADAMS BEVERAGES OF NC, LLC "
4581,20161,BUDWEISER-BUSCH DIST
4583,53929,BUD OF GREENVILLE
4584,42146,M & M DISTRIBUTORS
4588,10922,CITY BEVERAGES
4593,33917,B & B DISTRIBUTORS
4594,33210,STANDARD DISTRIBUTORS
4597,33107,TRY-IT DISTRIBUTING CO
4599,60518,AMERICAN EAGLE DISTRIBUTING
4600,72648,DOUBLE EAGLE BEVERAGE
4601,3044,PREMIER DISTRIBUTING CO
4606,11468,GOLDEN EAGLE DIST
4609,83414,HEIDELBERG DISTRIBUTING
4611,31566,CRAWFORD SALES COMPANY
4615,93500,ANHEUSER-BUSCH SALES OF OK
4616,71027,LEON FARMER & COMPANY
4623,74563,M PRICE DISTRIBUTING
4627,64247,BEN E KEITH
4631,11319,CALUMET BREWERIES
4635,84146,EAGLE DISTRIBUTING
4636,94551,VIRGINIA EAGLE
4637,93500,ANHEUSER-BUSCH SALES OF OK
4638,84512,VIRGINIA EAGLE DISTRIBUTING
4639,60521,STANDARD SALES CO LP-LITTLETON
4641,41200,CITY BEVERAGE - ARLINGTON HTS
4660,12154,PETITPREN INC
4664,43926,BETTER BRANDS
4677,44856,BEECHWOOD SALES & SERVICE
4678,24302,BALD EAGLE BEVERAGE
4679,71702,CHAMPAGNE BEVERAGE
4681,40908,PEPIN DISTRIBUTING
4682,84512,VIRGINIA EAGLE DISTRIBUTING
4683,31712,MOCKLER BEVERAGE CO
4689,24348,BIG FOUR DISTRIBUTING
4690,40915,GREAT BAY DISTRIBUTORS
4695,21221,DONNEWALD DISTRIBUTING
4696,24348,BIG FOUR DISTRIBUTING
4697,94551,VIRGINIA EAGLE
4699,11206,CITY BEVERAGE MARKHAM
4849,42248,SUNNY HILL DIST INC
4865,4091,BEAL DISTRIBUTING INC
5003,515,STANDARD SALES CO-DURANGO
5022,61738,SOUTHERN EAGLE SALES & SERVICE
5025,41380,AALCO DIST
5027,33107,TRY-IT DISTRIBUTING CO
5028,23486,TREU HOUSE OF MUNCH
5029,23486,TREU HOUSE OF MUNCH
5030,23486,TREU HOUSE OF MUNCH
5031,20285,GOLDEN EAGLE DISTRIBUTORS
5033,60518,AMERICAN EAGLE DISTRIBUTING
5034,70911,SUNCOAST BEVERAGE SALES
5035,40919,BERNIE LITTLE DISTRIBUTORS
5036,40908,PEPIN DISTRIBUTING
5037,70918,NORTH FLORIDA SALES
5038,11206,CITY BEVERAGE MARKHAM
5041,84627,OLYMPIC EAGLE DISTRIBUTING
5044,71274,STERN BEVERAGE
5045,94262,SILVER EAGLE DIST LP - CYPRESS
5046,63269,R A JEFFREYS DISTR CO RALEIGH
5048,12165,HUBERT DISTRIBUTORS
5051,60518,AMERICAN EAGLE DISTRIBUTING
5054,70918,NORTH FLORIDA SALES
5055,70912,COASTAL BEVERAGE
5056,31712,MOCKLER BEVERAGE
5057,4163,AJAX TURNER
5058,4163,AJAX TURNER
5060,41200,CITY BEVERAGE - ARLINGTON HTS
5063,33213,"ADAMS BEVERAGES OF NC, LLC "
5064,32143,WEST SIDE BEER DISTRIBUTORS
5065,32143,WEST SIDE BEER DISTRIBUTORS
5066,93462,THE MAPLE CITY ICE COMPANY
5070,32711,NEVADA BEVERAGE
5071,3555,ANHEUSER-BUSCH SALES OF OK - OKC
5075,10403,MARKSTEIN BEVERAGE
5076,31804,MAINE DISTRIBUTORS
5078,4698,KING BEVERAGE
5079,22303,REX DISTRIBUTING
5080,64225,BEN E KEITH
5085,33210,STANDARD DISTRIBUTORS
5087,43926,BETTER BRANDS
5088,54792,CARENBAUER DISTRIBUTING
5090,24827,DEAN DISTRIBUTING
5091,94262,SILVER EAGLE DIST LP - CYPRESS
5092,64247,BEN E KEITH
5096,434,HEIMARK DISTRIBUTING
5097,62155,FABIANO BROTHERS
5099,50507,CENTRAL DISTRIBUTING
5101,32711,NEVADA BEVERAGE
5104,13426,SERVICE DIST CO DBA HEIDELBERG
5105,64524,VIRGINIA EAGLE
5113,10121,BIRMINGHAM BUD DISTRIBUTING
5115,71430,VANGUARD DISTRIBUTING
5116,94240,SILVER EAGLE DISTRIBUTORS
5117,94577,VIRGINIA EAGLE DISTRIBUTING
5118,63269,R A JEFFREYS DISTR CO RALEIGH
5123,50501,STANDARD SALES CO-CO SPRINGS
5124,10261,HENSLEY & CO PHOENIX
5126,10139,GADSDEN BUD DISTR CO INC
5127,34848,S & S DISTRIBUTING
5133,80453,FOOTHILL DISTRIBUTING
5134,50410,ADVANCE BEVERAGE CO INC
5136,90489,MARKSTEIN BEV CO OF SACRAMENTO
5137,10500,ANHEUSER BUSCH
5139,90489,MARKSTEIN BEV CO OF SACRAMENTO
5141,72668,QUALITY BRANDS OF OMAHA
5144,44276,SILVER EAGLE DISTRIBUTORS
5145,44276,SILVER EAGLE DISTRIBUTORS
5146,44276,SILVER EAGLE DISTRIBUTORS
5147,64221,BEN E KEITH
5150,22438,GREY EAGLE DISTRIBUTORS
5151,61014,EAGLE ROCK OF DALTON
5154,70436,ACE BEVERAGE
5155,3044,PREMIER DISTRIBUTING
5156,60400,ANHEUSER-BUSCH
5157,21270,BREWERS DISTRIBUTING
5159,62191,GRIFFIN BEVERAGE
5160,42138,DANIEL L JACOB & COMPANY
5162,70400,ANHEUSER-BUSCH
5165,94233,L & F DISTRIBUTORS
5166,3044,PREMIER DISTRIBUTING
5167,24348,BIG FOUR DISTRIBUTING
5168,24348,BIG FOUR DISTRIBUTING
5170,32682,HIGH PLAINS BUDWEISER
5172,30958,TRI-EAGLE SALES
5173,61014,EAGLE ROCK OF DALTON
5174,20161,BUDWEISER-BUSCH DIST
5175,4110,BUD OF COOKEVILLE
5184,3420,THE COLUMBUS DIST CO
5185,3420,THE COLUMBUS DIST CO
5186,10261,HENSLEY & CO PHOENIX
5190,10261,HENSLEY & CO PHOENIX
5191,64230,BEN E KEITH
5192,90489,MARKSTEIN BEV CO OF SACRAMENTO
5193,60400,ANHEUSER-BUSCH
5196,54153,BUD OF MEMPHIS
5197,10143,TURNER BEVERAGE
5199,41200,CITY BEVERAGE - ARLINGTON HTS
5203,13426,SERVICE DIST CO DBA HEIDELBERG
5210,64221,BEN E KEITH
5211,64221,BEN E KEITH
5215,50410,ADVANCE BEVERAGE CO INC
5216,24202,BUDWEISER DISTRIBUTING
5218,40915,GREAT BAY DISTRIBUTORS
5220,40908,PEPIN DISTRIBUTING
5230,90489,MARKSTEIN BEV CO OF SACRAMENTO
5231,90489,MARKSTEIN BEV CO-SACRAMENTO
5232,60506,ORRISON DISTRIBUTING
5233,24376,GENERAL DISTRIBUTING
5234,24338,WASATCH DISTRIBUTING
5235,24376,GENERAL DISTRIBUTING
5236,1605,J B DISTRIBUTORS
5240,23125,SENECA BEVERAGE
5242,13106,T J SHEEHAN
5244,350,GOLDEN EAGLE OF ARKANSAS
5245,44276,SILVER EAGLE DISTRIBUTORS
5246,54294,DEL PAPA DISTRIBUTING
5247,64247,BEN E KEITH
5250,10922,CITY BEVERAGES
5251,64113,BUD OF CHATTANOOGA
5252,81018,EAGLE ROCK DISTRIBUTING
5253,74562,HOFFMAN BEVERAGE
5254,63269,R A JEFFREYS DISTR CO RALEIGH
5260,23559,A & B DISTRIBUTORS
5261,22450,MISSOURI EAGLE
5262,10168,BAMA BUDWEISER OF SYLACAUGA
5263,64115,TARVER DISTRIBUTING
5264,40940,GOLD COAST EAGLE
5266,40915,GREAT BAY DISTRIBUTORS
5270,24348,BIG FOUR DISTRIBUTING
5272,84627,OLYMPIC EAGLE DISTRIBUTING
5273,84614,CROWN DISTRIBUTING
5275,81018,EAGLE ROCK DISTRIBUTING
5282,63124,LAKE BEVERAGE
5285,93411,ANHEUSER-BUSCH SALES OF CANTON
5287,94262,SILVER EAGLE DIST LP - CYPRESS
5288,64221,BEN E KEITH
5292,63269,R A JEFFREYS DISTR CO RALEIGH
5293,43121,CLARE ROSE
5296,34734,EAGLE DISTRIBUTING
5298,33210,STANDARD DISTRIBUTORS
5299,10922,CITY BEVERAGES
5300,40908,PEPIN DISTRIBUTING
5301,40993,BROWN DISTRIBUTING
5303,10261,HENSLEY & CO PHOENIX
5307,31566,CRAWFORD SALES COMPANY
5309,93462,THE MAPLE CITY ICE COMPANY
5311,64221,BEN E KEITH
5312,64225,BEN E KEITH
5313,32465,KREY DISTRIBUTING COMPANY
5316,64225,BEN E KEITH
5317,34206,BROWN DISTRIBUTING
5319,34729,MOUNTAIN EAGLE
5320,53234,R H BARRINGER
5325,10938,DOUBLE EAGLE DISTRIBUTING
5326,30958,TRI-EAGLE SALES
5329,10261,HENSLEY & CO PHOENIX
5330,10261,HENSLEY & CO PHOENIX
5331,10261,HENSLEY & CO PHOENIX
5334,10500,ANHEUSER BUSCH
5335,30414,ALFORD DISTRIBUTING
5337,60426,DONAGHY SALES
5341,10500,ANHEUSER BUSCH
5342,30295,SUN VALLEY BEVERAGE
5343,64597,J F FICK INC
5346,53234,R H BARRINGER
5348,30166,BAMA BUD OF MONTGOMERY
5350,24376,GENERAL DISTRIBUTING
5352,11209,SUPERIOR BEVERAGE
5355,13451,C & G DISTRIBUTING
5359,64225,BEN E KEITH
5361,72668,QUALITY BRANDS OF OMAHA
5363,81004,ATLANTA BEVERAGE
5368,63690,WESTERN BEVERAGE
5369,10261,HENSLEY & CO PHOENIX
5370,60518,AMERICAN EAGLE DISTRIBUTING
5373,14818,PARK RIDGE DISTRIBUTING INC
5374,93459,THE DICKERSON DISTRIBUTING
5376,62191,GRIFFIN BEVERAGE
5385,23460,CITY BEVERAGE
5386,32140,MERVENNE BEVERAGE
5387,93421,THE HOUSE OF LAROSE
5388,94231,DEL PAPA DISTRIBUTING
5389,64295,BEN E KEITH
5390,81019,ATLANTA BEVERAGE CO GGP
5391,70912,COASTAL BEVERAGE
5392,21052,SOUTHERN EAGLE DIST
5394,60424,SEQUOIA BEVERAGE
5396,63618,WESTERN BEVERAGE
5397,62263,SCHOTT DISTRIBUTING
5398,41273,LAMONICA BEVERAGES
5399,41231,L R B DISTRIBUTORS
5402,41202,RIVER NORTH SALES & SERVICE
5403,51229,SKEFF DISTRIBUTING
5409,13426,SERVICE DIST CO DBA HEIDELBERG
5410,93411,ANHEUSER-BUSCH SALES OF CANTON
5411,32128,WEST SIDE BEER DISTRIBUTING
5416,64225,BEN E KEITH
5417,11600,ANHEUSER-BUSCH
5418,11600,ANHEUSER-BUSCH
5419,52311,A&B DISTRIBUTING
5420,10922,CITY BEVERAGES
5422,61003,ALBANY BEVERAGE
5424,63658,WESTERN BEVERAGE
5425,60400,ANHEUSER-BUSCH
5428,10261,HENSLEY & CO PHOENIX
5429,10256,GOLDEN EAGLE DISTRIBUTORS
5430,3001,PREMIER DISTRIBUTING
5433,338,COCO BEVERAGE
5435,20445,BOTTOMLEY DISTRIBUTING
5441,1583,STRATHMAN SALES
5442,41200,CITY BEVERAGE - ARLINGTON HTS
5443,51341,ZINK DISTRIBUTING
5444,42137,PISANI COMPANY
5449,94224,SILVER EAGLE DISTRIBUTING
5455,10903,CARROLL DISTRIBUTING
5458,50507,CENTRAL DISTRIBUTING
5460,54215,L & F DIST OF CORPUS CHRISTI
5462,74632,MALETIS BEVERAGE
5466,3420,THE COLUMBUS DIST CO
5471,93457,MANSFIELD DISTRIBUTING
5472,12195,DANIEL L JACOB & CO INC.
5477,42446,N H SCHEPPERS
5478,34206,BROWN DISTRIBUTING
5479,34206,BROWN DISTRIBUTING
5480,34206,BROWN DISTRIBUTING
5481,33213,"ADAMS BEVERAGES OF NC, LLC "
5482,71008,LEON FARMER & COMPANY
5483,51341,ZINK DISTRIBUTING CO LLC
5485,21203,CITY BEVERAGE - CHICAGO
5486,11206,CITY BEVERAGE MARKHAM
5487,53929,BUD OF GREENVILLE
5488,74562,HOFFMAN BEVERAGE
5489,63269,R A JEFFREYS DISTR CO RALEIGH
5491,3001,PREMIER DISTRIBUTING
5492,3001,PREMIER DISTRIBUTING
5493,94239,L & F DISTRIBUTORS
5494,51140,WATKINS DIST SALES & SERVICE
5497,83130,EAGLE BEVERAGE
5498,83130,EAGLE BEVERAGE
5499,83406,CLERMONT DISTRIBUTING
5612,94240,SILVER EAGLE DIST LP
5616,4163,AJAX TURNER
5626,20285,GOLDEN EAGLE DISTRIBUTORS
5628,84614,CROWN DISTRIBUTING LLC
5632,60426,DONAGHY SALES LLC
5641,70470,STRAUB DISTRIBUTING
5644,70470,STRAUB DISTRIBUTING
5667,44856,BEECHWOOD SALES & SERVICE
5668,44856,BEECHWOOD SALES & SERVICE
5669,44856,BEECHWOOD SALES & SERVICE
5671,10986,EAGLE BRANDS SALES
5672,64221,BEN E KEITH COMPANY
5673,64221,BEN E KEITH COMPANY
5676,10500,ANHEUSER BUSCH INC
5687,70470,STRAUB DISTRIBUTING
5701,60426,DONAGHY SALES LLC
5703,10143,TURNER BEVERAGE
5705,43926,BETTER BRANDS
5706,350,GOLDEN EAGLE OF ARKANSAS
5707,64225,BEN E KEITH
5709,91029,ATLANTA BEVERAGE CO - GRIFFIN
5710,40451,DELTA SIERRA DISTRIBUTING
5713,4249,L & F DISTRIBUTORS
5727,40940,GOLD COAST EAGLE
5728,31325,WORKING DISTRIBUTORS
5731,84512,VIRGINIA EAGLE DISTRIBUTING
5732,23105,ROCCO J TESTANI
5735,91006,A B BEVERAGE
5743,63269,R A JEFFREYS DISTR CO RALEIGH
5745,33917,B & B DISTRIBUTORS
5747,33245,R H BARRINGER
5748,81431,DOLL DISTRIBUTING
5751,20499,COUCH BEVERAGE
5753,64502,GUIFFRE DISTRIBUTING
5761,12119,WEST SIDE BEER DISTRIBUTING-ROMULUS
5763,24376,GENERAL DISTRIBUTING
5764,64225,BEN E KEITH
5766,20445,BOTTOMLEY DISTRIBUTING
5768,10261,HENSLEY & CO PHOENIX
5772,40915,GREAT BAY DISTRIBUTORS
5779,64597,J F FICK INC
5781,21203,CITY BEVERAGE - CHICAGO
5786,61014,EAGLE ROCK OF DALTON
5787,63269,R A JEFFREYS DISTR CO RALEIGH
5797,61003,ALBANY BEVERAGE
5799,20285,GOLDEN EAGLE DISTRIBUTORS
5808,94233,L & F DISTRIBUTORS LTD
5809,94233,L & F DISTRIBUTORS LTD
5810,64221,BEN E KEITH COMPANY
5812,61014,EAGLE ROCK DISTRIBUTING OF DALTON
5814,81018,EAGLE ROCK DISTRIBUTING OF STONE MT
5823,64221,BEN E KEITH
5835,10261,HENSLEY & CO PHOENIX
5839,63658,WESTERN BEVERAGE CO
5841,41103,STEIN DISTRIBUTING CO INC
5842,12119,WEST SIDE BEER DISTRIBUTING-ROMULUS
5843,40451,DELTA SIERRA DISTRIBUTING
5844,12119,WEST SIDE BEER DISTRIBUTING-ROMULUS
5845,20948,THE LEWIS BEAR COMPANY
5847,84569,BROWN DISTRIBUTING
5851,43233,R A JEFFREYS DISTRIBUTING
5853,74632,MALETIS BEVERAGE
5854,10986,EAGLE BRANDS
5858,20285,GOLDEN EAGLE DISTRIBUTORS INC
5864,42709,CAPITAL BEVERAGES
5866,64221,BEN E KEITH
5869,91110,CENTENNIAL DISTRIBUTING
5871,10922,CITY BEVERAGES
5872,20948,THE LEWIS BEAR COMPANY
5879,33213,"ADAMS BEVERAGES OF NC, LLC"
5880,64502,GUIFFRE DISTRIBUTING
5882,40993,BROWN DISTRIBUTING
5883,94682,KING BEVERAGE
5884,20445,BOTTOMLEY DIST CO INC
5886,10403,MARKSTEIN BEVERAGE
5889,64221,BEN E KEITH
5890,40451,DELTA SIERRA DISTRIBUTING
5893,12165,HUBERT DISTRIBUTORS
5894,20922,WAYNE DENSCH
5898,54215,L & F DIST OF CORPUS CHRISTI
5899,73669,MALETIS BEVERAGE
5911,40993,BROWN DISTRIBUTING
5912,10986,EAGLE BRANDS
5929,74632,MALETIS BEVERAGE
5930,70470,STRAUB DISTRIBUTING
5931,64221,BEN E KEITH
5932,10976,STEPHENS DISTRIBUTING
5935,73664,"MORGAN DISTRIBUTING, INC"
5936,64502,GUIFFRE DISTRIBUTING
5938,10475,A-B SALES OF SAN DIEGO
5941,10802,CAPITAL EAGLE INC
5947,44223,L & F DISTRIBUTORS
5954,70441,A-B SALES OF POMONA
5956,60424,SEQUOIA BEVERAGE
5957,10500,ANHEUSER BUSCH
5959,94224,SILVER EAGLE DISTRIBUTING
5964,40908,PEPIN DISTRIBUTING COMPANY
5965,21203,CITY BEVERAGE - CHICAGO
5969,64502,GUIFFRE DISTRIBUTING
5976,52223,MC DONALD DISTRIBUTING
5977,62220,COLLEGE CITY BEVERAGE
5992,62220,COLLEGE CITY BEVERAGE
6173,20162,BUDWEISER-BUSCH DIST CO INC
6286,64287,JACK HILLIARD DIST CO INC
6370,84146,EAGLE DISTRIBUTING CO INC
6392,1583,STRATHMAN SALES CO
6394,44856,BEECHWOOD SALES & SERVICE
6480,10261,HENSLEY & CO PHOENIX
6576,93901,A B BEVERAGE CO INC
6878,10143,TURNER BEVERAGE CO INC
6887,53929,K W ASSOCIATES LLC
6929,64287,JACK HILLIARD DIST CO INC
6951,44716,BEVERAGE DISTRIBUTORS INC
6998,81004,ATLANTA BEVERAGE CO
7009,73291,R A JEFFREYS DISTRIBUTING
7129,62663,SANDHILLS DISTRIBUTING LLC
7238,43231,R A JEFFREYS DIST CO LLC
7243,73291,R A JEFFREYS DISTRIBUTING
7245,61003,ALBANY BEVERAGE CO
7246,21052,SOUTHERN EAGLE
7247,20161,BUDWEISER-BUSCH DIST CO INC
7249,22450,MISSOURI EAGLE LLC-JOPLIN
